Player,GP,FT,FGM,FGA,FG%,3PM,3PA,3P%,FTM,FTA,FT%,DREB,OREB,AST,STL,TO,BLK,PTS,RPG,APG,SPG,BPG,EFF,PPR
Matthew Koenig,1,1,0,11,31,35.5,7,21,33.3,3,3,100.0,32,7.0,8.0,3.0,0.0,32.0,,,,,,100
Pacifique Jubilate,1,2,0,15,27,55.6,0,3,0.0,1,1,100.0,31,11.0,3.0,2.0,0.0,31.0,,,,,,100
Justus Alleyn,16,16,5,178,100,47.7,76,182,41.8,52,62,83.9,484,5.8,4.8,1.8,0.4,30.3,,,,,,100
Victor Bell,15,38,0,284,100,68.6,27,98,27.6,34,70,48.6,428,13.7,1.9,1.9,0.4,28.5,,,,,,100
Ryan Wiebe,14,21,1,117,100,32.4,61,234,26.1,100,143,69.9,395,11.1,2.5,0.9,0.2,28.2,,,,,,100
Elijah Lostracco,8,11,2,83,100,45.4,42,105,40.0,10,14,71.4,219,4.4,4.5,1.6,0.0,27.4,,,,,,100
David King,21,29,1,212,100,57.5,31,96,32.3,121,170,71.2,576,14.4,4.3,1.4,0.3,27.4,,,,,,100
Binh Nguyen,18,30,2,174,100,42.6,113,277,40.8,24,38,63.2,486,7.4,4.2,1.7,0.0,27.0,,,,,,100
Wil Haufek,6,8,1,64,100,49.6,25,66,37.9,8,14,57.1,161,3.8,1.0,1.0,0.0,26.8,,,,,,100
Joseph Ponce-Medrano,22,19,1,230,100,47.3,67,185,36.2,63,78,80.8,590,5.9,2.0,1.2,0.3,26.8,,,,,,100
Brett Carter,20,21,2,220,100,47.7,19,90,21.1,65,99,65.7,523,12.0,1.7,2.3,0.1,26.2,,,,,,100
Chris Benevides,1,0,0,11,17,64.7,4,6,66.7,0,0,0.0,26,2.0,3.0,1.0,0.0,26.0,,,,,,100
Unknown Player,1,1,0,10,16,62.5,5,9,55.6,1,3,33.3,26,4.0,1.0,0.0,0.0,26.0,,,,,,100
Don Dayrit,15,15,0,142,100,47.5,57,164,34.8,47,55,85.5,388,4.3,4.2,2.8,0.2,25.9,,,,,,100
Geilon Betances,19,47,0,178,100,43.2,50,157,31.8,79,106,74.5,485,12.7,1.1,1.5,0.8,25.5,,,,,,100
Aaron Woo,19,28,1,187,100,44.8,53,183,29.0,52,86,60.5,478,6.9,1.5,1.6,0.0,25.2,,,,,,100
Marcus Morgan,22,43,0,223,100,45.3,82,237,34.6,23,29,79.3,554,4.8,1.5,2.2,1.1,25.2,,,,,,100
Amarjit Basi,1,2,1,10,24,41.7,1,8,12.5,4,4,100.0,25,4.0,5.0,0.0,0.0,25.0,,,,,,100
Kwinton Cochrane,1,1,0,11,21,52.4,1,4,25.0,2,3,66.7,25,7.0,1.0,0.0,1.0,25.0,,,,,,100
Matthew Foreman,1,1,0,11,18,61.1,1,1,100.0,1,4,25.0,24,18.0,1.0,0.0,1.0,24.0,,,,,,100
Bosko Zorcic,17,31,1,142,100,40.9,60,166,36.1,57,87,65.5,402,8.5,2.5,1.2,0.1,23.6,,,,,,100
Elliot Unger,16,10,0,154,100,48.0,31,93,33.3,37,56,66.1,374,11.8,2.7,0.8,1.4,23.4,,,,,,100
Nate Bangura,18,23,1,158,100,41.8,57,216,26.4,37,53,69.8,420,6.8,2.4,1.2,1.2,23.3,,,,,,100
Jaharqa Metaxas,18,13,0,190,100,49.7,24,118,20.3,13,20,65.0,417,6.2,4.7,0.9,0.1,23.2,,,,,,100
Kyshawn Ramnauth,2,3,0,18,39,46.2,3,14,21.4,7,13,53.8,46,4.5,4.5,1.0,0.0,23.0,,,,,,100
Sam Jensen,15,11,0,122,100,48.2,78,174,44.8,21,25,84.0,343,6.5,2.0,1.5,0.8,22.9,,,,,,100
Julean Garcia,20,55,0,195,100,52.8,21,71,29.6,41,66,62.1,452,11.3,1.3,1.2,0.3,22.6,,,,,,100
Eric Garcia,19,14,1,143,100,46.3,66,175,37.7,75,107,70.1,425,4.2,1.4,1.1,0.0,22.4,,,,,,100
Waris Njoya,9,12,1,78,100,46.2,25,79,31.6,19,23,82.6,200,6.3,2.9,1.1,0.0,22.2,,,,,,100
Graham Bodnar,15,18,0,124,100,55.1,11,35,31.4,67,76,88.2,326,9.9,5.5,1.1,0.5,21.7,,,,,,100
Giovanni Ajiamah,2,3,0,18,30,60.0,5,11,45.5,2,2,100.0,43,8.0,0.5,0.5,0.5,21.5,,,,,,100
Parker Hamlin,8,6,0,64,100,40.8,29,92,31.5,12,21,57.1,171,10.3,3.1,1.0,1.8,21.4,,,,,,100
Liam Collier,12,24,0,112,100,40.6,10,50,20.0,23,49,46.9,256,13.0,1.7,2.6,1.0,21.3,,,,,,100
Jamar Farley,3,4,0,21,51,41.2,16,41,39.0,5,6,83.3,63,7.0,2.7,2.7,0.7,21.0,,,,,,100
Damian Drzewiec,18,21,0,127,100,32.8,58,209,27.8,66,107,61.7,378,8.1,1.9,0.3,0.2,21.0,,,,,,100
Vince Munoz,1,1,0,9,14,64.3,0,0,0.0,3,3,100.0,21,1.0,1.0,0.0,0.0,21.0,,,,,,100
Daniel Kilmartin,36,62,3,289,100,56.8,45,116,38.8,121,166,72.9,744,8.7,1.8,1.7,1.0,20.7,,,,,,100
Karl de Sagun,17,17,0,133,100,42.9,44,127,34.6,42,58,72.4,352,4.6,1.3,1.8,0.1,20.7,,,,,,100
Luke Cardinal,20,32,1,163,100,45.2,34,116,29.3,53,67,79.1,411,4.7,2.8,2.4,0.5,20.6,,,,,,100
Raghav Sharma,5,9,0,37,76,48.7,24,40,60.0,4,7,57.1,102,3.6,0.4,2.2,0.2,20.4,,,,,,100
Dharmpal Brar,15,22,0,113,100,52.8,39,91,42.9,36,52,69.2,301,6.5,2.3,1.1,0.1,20.1,,,,,,100
Jaired Garing,19,25,2,145,100,49.0,48,124,38.7,44,56,78.6,382,7.4,5.4,2.6,0.4,20.1,,,,,,100
Trudon Bofoya,1,1,0,10,12,83.3,0,0,0.0,0,0,0.0,20,7.0,0.0,0.0,0.0,20.0,,,,,,100
Dustin Lavallee,16,24,0,104,100,41.8,51,121,42.1,61,74,82.4,319,5.8,2.4,0.9,0.1,19.9,,,,,,100
Gee-ef Nkwonta,20,26,0,160,100,44.6,37,126,29.4,41,56,73.2,398,5.2,3.1,1.6,0.4,19.9,,,,,,100
Jon Wilner,15,27,2,123,100,41.8,18,86,20.9,32,54,59.3,298,6.1,2.3,1.3,0.3,19.9,,,,,,100
Inderpal Grewal,18,39,0,145,100,52.0,12,53,22.6,55,89,61.8,357,6.9,2.4,1.4,0.4,19.8,,,,,,100
Abdalla Hakim,49,37,0,398,100,51.8,105,278,37.8,57,90,63.3,958,9.0,3.0,3.0,1.0,19.6,,,,,,100
Nhial Deng,11,32,2,87,100,41.2,29,92,31.5,10,17,58.8,216,8.8,0.5,0.5,0.7,19.6,,,,,,100
Joshua Van Walleghem,17,14,0,145,100,61.7,9,19,47.4,35,85,41.2,334,7.2,0.8,0.9,0.1,19.6,,,,,,100
Kuet Kuet,10,12,0,77,100,44.5,10,40,25.0,29,44,65.9,193,7.4,1.9,0.5,0.0,19.3,,,,,,100
Branden Critch,3,3,0,25,42,59.5,0,2,0.0,8,8,100.0,58,13.0,0.3,0.7,1.0,19.3,,,,,,100
Henri Dos Santos,15,19,0,123,100,48.6,5,15,33.3,37,47,78.7,288,7.3,1.3,1.1,0.6,19.2,,,,,,100
Teejay Capuno,9,11,0,63,100,40.9,21,76,27.6,26,41,63.4,173,3.4,2.1,2.4,0.1,19.2,,,,,,100
Easton Apostle,18,34,1,137,100,47.6,50,139,36.0,21,30,70.0,346,7.3,1.6,1.8,1.3,19.2,,,,,,100
Peter Lomuro,15,10,0,100,100,40.5,28,94,29.8,59,81,72.8,287,5.7,1.5,0.9,0.0,19.1,,,,,,100
Nhial Deng (Duplicate),1,1,0,8,16,50.0,3,6,50.0,0,0,0.0,19,7.0,3.0,3.0,3.0,19.0,,,,,,100
Jonathan McIntosh,12,21,1,90,100,55.9,16,40,40.0,29,45,64.4,225,5.5,2.1,1.1,0.4,18.8,,,,,,100
Kurius Lathlin,18,41,2,142,100,54.6,19,57,33.3,38,74,51.4,339,6.3,4.0,1.7,0.2,18.8,,,,,,100
Chan Madut,14,17,0,106,100,45.5,20,79,25.3,30,60,50.0,262,7.6,2.0,2.1,0.1,18.7,,,,,,100
Joshua Fast,20,17,1,148,100,44.2,45,140,32.1,30,46,65.2,373,5.5,2.2,1.4,0.2,18.7,,,,,,100
Matt Gillis,10,10,1,78,100,45.6,11,27,40.7,18,29,62.1,185,8.7,2.1,1.0,0.6,18.5,,,,,,100
Malik Irwin,17,40,0,122,100,53.5,39,94,41.5,29,47,61.7,312,11.8,3.5,1.4,0.5,18.4,,,,,,100
Theodore McPherson,16,28,0,107,100,35.8,72,212,34.0,7,13,53.8,293,3.4,1.4,0.9,0.2,18.3,,,,,,100
Filip Karamanov,19,22,0,134,100,48.6,43,126,34.1,35,51,68.6,348,5.3,1.6,0.9,0.1,18.3,,,,,,100
Kendall Perpall,3,3,0,21,53,39.6,8,28,28.6,5,8,62.5,55,9.0,3.3,0.7,0.0,18.3,,,,,,100
Rhys DeGrave,21,28,2,182,100,56.7,2,5,40.0,19,51,37.3,385,18.0,1.7,0.9,0.9,18.3,,,,,,100
Jagjot Sandhu,15,24,0,109,100,46.0,20,64,31.3,34,46,73.9,275,3.7,1.5,1.3,0.0,18.3,,,,,,100
Liam Haime,17,28,0,125,100,47.0,41,115,35.7,19,28,67.9,310,10.4,1.2,1.4,0.3,18.2,,,,,,100
Kamil Tynski,19,28,1,123,100,36.4,69,210,32.9,27,35,77.1,342,2.6,1.1,1.1,0.1,18.0,,,,,,100
Chisom Njelita,18,42,0,133,100,43.0,21,81,25.9,36,67,53.7,323,6.4,2.6,2.8,0.3,17.9,,,,,,100
Will Bergmann,19,43,0,143,100,47.0,25,82,30.5,26,41,63.4,337,8.2,1.7,0.7,0.6,17.7,,,,,,100
Micah Willms,18,23,0,119,100,46.9,29,78,37.2,52,75,69.3,319,5.3,2.1,2.1,0.6,17.7,,,,,,100
Riki Zimbakov,3,4,0,21,52,40.4,9,27,33.3,2,3,66.7,53,4.7,1.7,1.0,1.0,17.7,,,,,,100
Kyle Queijo,15,16,0,98,100,39.5,53,154,34.4,15,19,78.9,264,4.7,2.6,1.1,0.3,17.6,,,,,,100
Nikola Zorcic,20,33,2,127,100,38.7,63,204,30.9,34,54,63.0,351,8.1,5.2,1.3,0.5,17.6,,,,,,100
Frankie Tocci,7,15,1,47,100,43.1,12,38,31.6,17,31,54.8,123,12.3,2.0,1.1,2.6,17.6,,,,,,100
Mark Capucion,12,5,1,70,100,38.5,59,136,43.4,11,15,73.3,210,3.5,2.6,1.6,0.2,17.5,,,,,,100
Chris Dyck,15,13,0,102,100,47.7,35,91,38.5,21,31,67.7,261,5.5,2.1,1.3,0.4,17.4,,,,,,100
Paul Muns,18,18,0,108,100,47.4,64,154,41.6,35,41,85.4,313,4.8,1.1,1.3,0.1,17.4,,,,,,100
Dallas Richard,17,34,2,116,100,58.0,13,35,37.1,33,43,76.7,294,7.6,2.0,0.5,0.1,17.3,,,,,,100
Nigel Klassen,15,42,1,102,100,46.2,32,92,34.8,22,36,61.1,258,7.4,1.0,1.7,0.2,17.2,,,,,,100
Cyril Indome,20,34,2,133,100,39.3,46,147,31.3,32,41,78.0,344,7.5,5.5,1.3,0.2,17.2,,,,,,100
Kashton Kaptein,13,31,1,95,100,48.7,11,47,23.4,21,33,63.6,222,6.6,1.5,1.4,0.4,17.1,,,,,,100
Derian Castaneda,1,1,0,8,15,53.3,1,6,16.7,0,0,0.0,17,7.0,3.0,2.0,0.0,17.0,,,,,,100
Daniel Sackey,1,2,0,6,15,40.0,2,7,28.6,3,3,100.0,17,4.0,5.0,1.0,0.0,17.0,,,,,,100
Fatehkarn Toor,18,19,0,112,100,32.8,56,203,27.6,26,55,47.3,306,3.9,1.2,0.6,0.2,17.0,,,,,,100
Rashawn Browne,11,7,0,64,100,50.4,40,82,48.8,17,20,85.0,186,6.0,9.6,1.3,0.4,16.9,,,,,,100
Kevin Camara,21,34,0,140,100,49.8,29,88,33.0,46,62,74.2,355,8.6,4.5,2.0,1.0,16.9,,,,,,100
Lucas Meyer,13,31,2,92,100,48.4,10,35,28.6,26,50,52.0,218,8.6,0.9,0.6,0.3,16.8,,,,,,100
Logan Kraus,12,15,0,78,100,46.7,26,76,34.2,14,24,58.3,196,6.8,1.9,0.9,0.4,16.3,,,,,,100
Jackson Tachinski,4,7,0,27,56,48.2,3,16,18.8,8,15,53.3,65,8.0,1.8,1.3,0.3,16.3,,,,,,100
Jackson Gilmore,19,31,1,141,100,53.2,2,12,16.7,29,65,44.6,310,12.2,0.6,1.9,1.1,16.3,,,,,,100
Amrit Basi,7,11,0,42,92,45.7,20,57,35.1,10,11,90.9,114,5.6,3.4,0.7,0.3,16.3,,,,,,100
Tyson Jensen,33,25,0,209,100,46.1,78,189,41.3,39,54,72.2,531,5.6,1.6,1.2,0.2,16.1,,,,,,100
Trezon Morcilla,10,6,0,57,100,49.1,28,65,43.1,18,32,56.3,160,3.8,1.4,0.8,0.2,16.0,,,,,,100
Julian Burtniak,17,33,0,119,100,65.7,5,21,23.8,37,65,56.9,272,7.9,0.5,0.5,0.9,16.0,,,,,,100
Alex Ogaranko,17,33,1,112,100,40.6,27,78,34.6,27,41,65.9,270,4.6,1.6,2.3,0.5,15.9,,,,,,100
Ben Wilson,12,20,0,82,100,42.9,19,73,26.0,3,7,42.9,188,8.1,2.7,0.4,0.2,15.7,,,,,,100
Nathan Leitao,40,36,1,224,100,38.2,131,419,31.3,49,86,57.0,626,4.3,1.5,0.6,0.0,15.7,,,,,,100
Kniel Francis Sullera,20,21,0,126,100,42.1,42,122,34.4,19,34,55.9,313,6.4,2.7,1.4,0.6,15.7,,,,,,100
Vivek Dhillon,19,35,0,116,100,37.9,51,148,34.5,18,22,81.8,299,5.6,0.7,1.4,0.0,15.7,,,,,,100
Kevin Oliver,7,9,1,36,91,39.6,19,55,34.5,18,27,66.7,109,7.1,1.7,1.3,1.1,15.6,,,,,,100
Skylar Cooper,18,17,1,111,100,40.2,48,157,30.6,9,16,56.3,279,5.5,2.4,1.3,0.1,15.5,,,,,,100
Dustin Robson-Flatt,12,33,0,71,100,44.9,22,55,40.0,21,31,67.7,185,8.3,3.1,0.8,0.0,15.4,,,,,,100
Keiran Zziwa,9,10,0,48,100,44.0,21,64,32.8,21,30,70.0,138,4.1,2.2,2.4,0.2,15.3,,,,,,100
Dharmjit Dhillon,8,11,0,52,100,47.7,9,27,33.3,9,14,64.3,122,9.6,2.1,0.8,0.8,15.3,,,,,,100
Tyler Stewart,9,3,0,50,90,55.6,12,34,35.3,25,31,80.6,137,1.7,1.8,0.6,0.0,15.2,,,,,,100
Steven Williamson,16,30,4,88,100,45.8,29,82,35.4,38,51,74.5,243,5.8,2.1,1.1,0.3,15.2,,,,,,100
Brian Moniz,11,15,0,62,100,40.5,37,85,43.5,5,5,100.0,166,4.0,5.0,1.7,0.2,15.1,,,,,,100
Irie Taylor,1,3,0,7,18,38.9,1,6,16.7,0,0,0.0,15,3.0,5.0,1.0,0.0,15.0,,,,,,100
Dante Dyck,2,9,0,10,26,38.5,2,7,28.6,8,10,80.0,30,8.0,3.5,1.5,1.0,15.0,,,,,,100
Lamar Mombo,4,13,1,26,47,55.3,3,11,27.3,5,6,83.3,60,8.8,1.5,1.0,0.5,15.0,,,,,,100
Jonathan Kuz,25,22,0,163,100,41.8,24,90,26.7,25,36,69.4,375,4.4,1.4,0.7,0.0,15.0,,,,,,100
JR Shuffler,1,1,0,7,18,38.9,1,5,20.0,0,0,0.0,15,6.0,1.0,0.0,0.0,15.0,,,,,,100
Chris Dyker,1,4,0,6,21,28.6,2,15,13.3,1,2,50.0,15,3.0,3.0,2.0,1.0,15.0,,,,,,100
Teagan Wollbaum,19,13,1,125,100,45.5,16,73,21.9,21,36,58.3,285,6.9,2.3,1.3,0.1,15.0,,,,,,100
Dikan Gjuric,14,19,0,89,100,36.0,13,52,25.0,20,35,57.1,209,8.6,1.1,1.9,0.7,14.9,,,,,,100
Sean Close,31,40,3,163,100,39.8,82,232,35.3,54,69,78.3,463,6.6,2.5,0.7,0.8,14.9,,,,,,100
Daniel Pereira,20,44,0,114,100,32.8,40,156,25.6,30,62,48.4,297,4.6,1.8,1.3,0.4,14.9,,,,,,100
Caleb McIntosh (Robert),15,8,0,86,100,49.4,47,101,46.5,2,2,100.0,222,6.4,2.6,0.6,0.1,14.8,,,,,,100
Robert Kilmartin,22,28,1,119,100,39.8,29,90,32.2,58,76,76.3,325,7.1,1.9,1.0,0.4,14.8,,,,,,100
Justin Miranda,10,19,0,56,100,52.3,20,46,43.5,19,25,76.0,147,3.3,1.9,1.3,0.1,14.7,,,,,,100
Patrick Flaten,12,13,0,62,100,36.7,39,118,33.1,22,20,110.0,176,6.8,1.3,1.3,0.1,14.7,,,,,,100
Zerek Menard,11,21,2,65,100,48.9,11,35,31.4,22,30,73.3,162,5.9,1.4,1.1,0.4,14.7,,,,,,100
Zachary Rose,15,21,0,94,100,49.2,0,1,0.0,33,49,67.3,220,10.1,2.1,0.6,0.3,14.7,,,,,,100
Gobindkarn Toor,15,14,0,79,100,32.2,77,138,55.8,24,40,60.0,219,5.5,1.9,1.1,0.0,14.6,,,,,,100
Myron Dean,15,29,2,100,100,48.1,3,14,21.4,14,52,26.9,217,10.5,1.9,0.9,1.9,14.5,,,,,,100
Andrei Sansano,33,43,2,195,100,54.5,53,126,42.1,37,56,66.1,477,8.1,2.3,1.4,0.1,14.5,,,,,,100
Jacob Pineda,11,5,0,62,100,45.6,29,85,34.1,8,12,66.7,159,4.1,2.0,1.4,0.5,14.5,,,,,,100
Partap Hothi,31,55,4,168,100,41.8,77,190,40.5,35,60,58.3,448,6.2,1.9,1.0,0.9,14.5,,,,,,100
Denzel Soliven,17,30,1,95,100,43.2,39,100,39.0,20,39,51.3,247,3.8,2.6,0.7,0.1,14.5,,,,,,100
Liam Tran,21,49,0,114,100,34.1,57,172,33.1,20,45,44.4,305,6.7,1.2,1.0,0.3,14.5,,,,,,100
Aaron Cass,13,23,1,82,100,45.8,11,43,25.6,12,23,52.2,187,6.5,2.7,1.7,0.2,14.4,,,,,,100
Allan Palmer,18,38,0,92,100,40.2,74,194,38.1,2,4,50.0,260,4.4,1.6,0.6,0.2,14.4,,,,,,100
Amrinder Bhandal,4,3,0,27,40,67.5,1,8,12.5,2,2,100.0,57,4.3,3.3,0.5,0.5,14.3,,,,,,100
Samuel Bereketab,29,39,0,155,100,46.7,84,215,39.1,20,23,87.0,414,3.2,1.9,0.8,0.2,14.3,,,,,,100
Alex Maher,13,42,0,69,100,31.4,41,151,27.2,5,16,31.3,184,7.2,1.0,2.9,0.7,14.2,,,,,,100
Brandon Monkman,6,5,0,34,64,53.1,12,29,41.4,5,9,55.6,85,3.3,1.5,1.5,0.2,14.2,,,,,,100
Aaron Beckman,11,13,0,58,100,39.5,28,69,40.6,11,15,73.3,155,4.4,1.9,0.6,0.6,14.1,,,,,,100
Brian Carmona,8,15,1,47,79,59.5,7,17,41.2,12,16,75.0,113,4.0,2.1,2.3,0.4,14.1,,,,,,100
Chris Lorenzana,13,7,0,79,100,50.0,15,50,30.0,8,16,50.0,183,4.3,2.7,1.1,0.2,14.1,,,,,,100
Kurtis Sansregret,7,16,0,40,94,42.6,5,30,16.7,12,25,48.0,99,4.1,2.7,2.4,0.4,14.1,,,,,,100
Zak Dembele,15,25,0,84,100,46.4,8,28,28.6,35,48,72.9,211,6.5,1.5,1.6,0.7,14.1,,,,,,100
Xavier Smith,10,14,0,58,100,50.0,8,25,32.0,16,30,53.3,140,4.9,2.1,1.0,0.3,14.0,,,,,,100
Vrisel Manalo,1,1,0,6,16,37.5,1,3,33.3,1,1,100.0,14,4.0,1.0,0.0,0.0,14.0,,,,,,100
Paul Bocalan,2,4,0,10,17,58.8,1,2,50.0,5,7,71.4,28,5.5,5.0,2.0,0.0,14.0,,,,,,100
Danny McCullough,21,37,0,107,100,40.1,33,119,27.7,44,75,58.7,293,6.6,0.9,1.1,0.1,14.0,,,,,,100
Bartosh  Kaminski,16,39,3,89,100,49.2,29,65,44.6,15,34,44.1,222,7.7,1.6,1.4,0.9,13.9,,,,,,100
Kevin Vince,17,38,0,103,100,39.2,16,67,23.9,13,22,59.1,235,5.7,0.4,1.2,0.4,13.8,,,,,,100
Joshua Stolar,20,34,1,117,100,52.9,1,9,11.1,39,63,61.9,275,10.2,2.7,1.1,0.2,13.8,,,,,,100
Ben Anderson,18,27,0,110,100,45.1,14,71,19.7,14,37,37.8,249,10.4,2.0,1.1,1.8,13.8,,,,,,100
Jax Chammartin,10,5,0,56,100,43.8,16,46,34.8,9,11,81.8,137,3.7,1.5,0.6,0.0,13.7,,,,,,100
Raj Sidhu,15,23,2,83,100,45.4,25,77,32.5,15,23,65.2,206,7.8,3.3,1.4,0.3,13.7,,,,,,100
Ian Dickey,3,5,0,18,42,42.9,5,10,50.0,0,0,0.0,41,7.0,3.0,1.0,0.3,13.7,,,,,,100
Taven Vigilance,5,6,0,26,54,48.1,6,18,33.3,10,14,71.4,68,6.0,2.0,0.0,1.0,13.6,,,,,,100
Daniel Tuazon,16,28,0,83,100,39.5,29,83,34.9,23,40,57.5,217,4.4,0.4,1.6,0.1,13.6,,,,,,100
Carl Carmona,18,39,2,108,100,58.7,6,25,24.0,23,28,82.1,245,4.7,1.4,0.9,0.1,13.6,,,,,,100
Mehr Rakhshani,13,21,0,60,100,35.5,47,144,32.6,9,15,60.0,176,4.8,1.8,0.7,0.4,13.5,,,,,,100
Carter Butterfield,18,34,0,108,100,50.5,17,45,37.8,12,37,32.4,243,10.8,1.3,0.7,0.9,13.5,,,,,,100
Niman Mohammed,2,2,0,12,36,33.3,1,10,10.0,2,4,50.0,27,9.0,4.5,2.0,0.0,13.5,,,,,,100
Anyaba Chibuike,2,3,0,10,20,50.0,1,1,100.0,6,11,54.5,27,9.0,1.5,1.0,1.5,13.5,,,,,,100
Dean Blakey,10,29,0,57,100,41.6,14,42,33.3,6,8,75.0,134,7.1,0.8,0.9,0.4,13.4,,,,,,100
Victor Dos Santos,19,44,0,101,100,40.4,10,42,23.8,41,63,65.1,255,6.1,1.7,1.6,0.1,13.4,,,,,,100
Brett Jewell,16,8,0,90,100,56.3,1,5,20.0,33,59,55.9,214,9.9,1.7,0.6,0.4,13.4,,,,,,100
Kevlin Asiedu,16,45,0,89,100,45.2,19,78,24.4,15,35,42.9,212,13.8,2.1,1.4,2.0,13.3,,,,,,100
Michael Schween,9,9,1,43,100,31.4,23,76,30.3,13,29,44.8,120,3.4,1.2,0.9,0.0,13.3,,,,,,100
Jesse Roy-Fisher,18,21,0,90,100,36.9,49,151,32.5,9,11,81.8,238,4.4,1.2,0.7,0.1,13.2,,,,,,100
Chris Demauleon-Bartolay,18,30,1,79,100,49.1,57,118,48.3,20,27,74.1,235,4.9,1.6,0.7,0.0,13.1,,,,,,100
Jeremy Patterson,19,25,0,86,100,42.0,14,69,20.3,61,83,73.5,248,5.8,1.7,2.2,0.2,13.1,,,,,,100
Matthew Medina,30,27,0,145,100,42.3,54,160,33.8,50,72,69.4,393,3.2,1.3,0.6,0.1,13.1,,,,,,100
Carson Carbredo,14,17,1,77,100,36.8,13,55,23.6,16,32,50.0,183,3.2,1.4,2.4,0.1,13.1,,,,,,100
Luke Bergen,8,8,0,47,88,53.4,0,1,0.0,10,21,47.6,104,6.1,0.8,0.8,0.5,13.0,,,,,,100
Ben Gardner,19,25,0,107,100,43.3,13,70,18.6,19,44,43.2,246,7.6,2.1,1.4,0.3,12.9,,,,,,100
Trevonne Julian,15,40,2,73,100,38.2,30,108,27.8,22,37,59.5,194,8.5,2.2,1.1,0.6,12.9,,,,,,100
Andre Arruda,10,7,0,48,100,40.3,19,58,32.8,14,21,66.7,129,6.6,2.8,1.0,0.4,12.9,,,,,,100
Sherwin Vasallo,26,38,2,122,100,36.5,71,202,35.1,52,53,98.1,336,4.7,3.8,1.2,0.0,12.9,,,,,,100
Jesse Kasper,20,45,4,94,100,36.6,23,97,23.7,43,87,49.4,255,5.9,1.6,1.1,0.2,12.8,,,,,,100
Raynald Manuel,20,26,0,93,100,36.8,51,174,29.3,18,26,69.2,255,2.8,1.0,0.6,0.3,12.8,,,,,,100
Cole Neufeld,22,27,2,115,100,42.1,19,64,29.7,31,59,52.5,280,4.6,0.9,1.4,0.1,12.7,,,,,,100
Tiernan Marshall,10,1,0,44,100,36.7,33,96,34.4,4,5,80.0,126,5.5,2.0,0.6,0.4,12.6,,,,,,100
Selvedin Planincic,5,10,0,24,44,54.5,7,19,36.8,8,10,80.0,63,9.2,1.6,0.6,1.0,12.6,,,,,,100
Connor McEvoy,8,11,0,40,90,44.4,7,23,30.4,14,35,40.0,101,5.0,0.8,0.4,0.9,12.6,,,,,,100
Cini Laki,20,34,0,102,100,35.9,28,116,24.1,17,28,60.7,249,7.1,2.2,1.6,0.6,12.5,,,,,,100
Lloyd Hilebrand,2,5,0,9,23,39.1,4,11,36.4,3,3,100.0,25,8.0,1.5,1.5,1.0,12.5,,,,,,100
Jagman Gill,21,49,2,98,100,42.2,25,84,29.8,43,101,42.6,263,4.9,1.3,1.1,0.2,12.5,,,,,,100
Braeden Fernandez,11,10,0,53,100,42.1,15,60,25.0,16,35,45.7,137,4.5,2.1,2.3,0.0,12.5,,,,,,100
Nic Blandford,17,21,0,83,100,36.2,8,36,22.2,35,80,43.8,210,9.0,1.2,1.1,0.5,12.4,,,,,,100
Brendon Paukovic,3,6,0,16,30,53.3,3,11,27.3,2,3,66.7,37,1.3,0.3,1.0,0.0,12.3,,,,,,100
Matthew Kaspick,21,35,1,101,100,40.4,40,135,29.6,20,39,51.3,259,4.3,1.2,1.1,0.3,12.3,,,,,,100
Josh Sleva,7,7,0,39,70,55.7,3,8,37.5,5,7,71.4,86,3.6,1.4,0.3,0.0,12.3,,,,,,100
Tristan Francis,12,31,0,62,100,48.8,3,17,17.6,19,29,65.5,148,5.2,1.4,1.4,0.4,12.3,,,,,,100
Jesse Davidson,18,36,0,90,100,50.8,32,85,37.6,8,15,53.3,219,5.4,1.4,1.0,0.2,12.2,,,,,,100
Nathan Dyck,13,32,0,65,100,44.2,9,35,25.7,19,39,48.7,158,6.5,1.5,1.2,0.2,12.2,,,,,,100
Matthew Garrett,19,41,1,97,100,40.1,16,71,22.5,19,62,30.6,231,9.3,0.3,0.6,0.9,12.2,,,,,,100
Mitch Reschke,19,18,0,92,100,38.2,27,109,24.8,20,40,50.0,231,8.5,1.5,1.2,0.3,12.2,,,,,,100
John Sales,13,14,1,64,100,45.4,20,58,34.5,8,17,47.1,157,2.4,0.8,1.3,0.2,12.1,,,,,,100
Emmanuel Vugampore,14,25,0,65,100,34.4,20,72,27.8,19,38,50.0,169,5.3,0.5,1.7,0.4,12.1,,,,,,100
Robel Hailegebreal,16,39,0,74,100,34.1,41,107,38.3,4,13,30.8,194,4.1,0.9,0.9,0.3,12.1,,,,,,100
Andrew Ladesma,13,14,0,56,100,33.9,43,127,33.9,2,4,50.0,157,6.6,3.2,1.6,0.1,12.1,,,,,,100
Neil *,1,0,0,5,18,27.8,2,8,25.0,0,0,0.0,12,6.0,1.0,1.0,0.0,12.0,,,,,,100
Perry Mangat,1,0,0,5,9,55.6,2,2,100.0,0,0,0.0,12,6.0,1.0,0.0,0.0,12.0,,,,,,100
Paolo Aviles,1,3,0,5,11,45.5,1,3,33.3,1,5,20.0,12,5.0,3.0,0.0,1.0,12.0,,,,,,100
David ***,4,5,0,20,59,33.9,2,17,11.8,6,10,60.0,48,9.3,1.3,1.3,2.3,12.0,,,,,,100
Aaron Zan,1,2,0,4,7,57.1,0,0,0.0,4,5,80.0,12,7.0,0.0,0.0,1.0,12.0,,,,,,100
Awot Btseamlak,20,35,0,83,100,36.4,62,178,34.8,12,17,70.6,238,4.1,2.2,1.5,0.4,11.9,,,,,,100
Carlin Doak,18,25,0,89,100,50.3,13,33,39.4,22,33,66.7,215,3.3,1.1,2.0,0.1,11.9,,,,,,100
Jasmin Kone,13,25,0,67,100,47.5,15,51,29.4,5,9,55.6,155,6.5,0.8,0.4,0.7,11.9,,,,,,100
Graham Rasmussen,13,9,0,57,100,35.0,35,105,33.3,4,6,66.7,153,4.2,1.0,0.5,0.0,11.8,,,,,,100
Roan Van Eerd,31,29,0,129,100,35.3,34,148,23.0,77,113,68.1,367,7.2,2.2,1.2,0.3,11.8,,,,,,100
Bretton Nowrang,19,9,1,81,100,40.9,29,97,29.9,23,32,71.9,224,3.7,1.4,1.3,0.0,11.8,,,,,,100
Riley Thiessen-Lewchuk,16,37,0,75,100,42.1,35,96,36.5,10,22,45.5,189,6.1,1.5,1.1,0.3,11.8,,,,,,100
Spencer McNabb,19,14,0,88,100,47.6,31,70,44.3,18,25,72.0,225,4.6,0.7,0.8,0.0,11.8,,,,,,100
Lance Del Mundo,20,31,0,96,100,36.5,26,106,24.5,16,22,72.7,235,4.6,2.3,1.5,0.0,11.8,,,,,,100
Kirubel Tsegaye,16,21,0,79,100,54.5,10,37,27.0,19,21,90.5,187,3.4,1.0,0.6,0.1,11.7,,,,,,100
Chris Byrnes,16,22,0,66,100,43.1,30,90,33.3,24,42,57.1,187,5.8,1.9,0.3,0.4,11.7,,,,,,100
Justin Lange,34,68,0,142,100,36.6,83,248,33.5,31,51,60.8,398,5.0,1.3,0.6,0.3,11.7,,,,,,100
Daniel Trommelen,17,15,0,75,100,37.1,21,90,23.3,37,53,69.8,197,6.9,1.9,1.2,0.0,11.6,,,,,,100
Jordan Delury,21,19,0,95,100,42.0,31,97,32.0,23,45,51.1,244,4.1,1.9,0.7,0.2,11.6,,,,,,100
Dillon Tielman,9,13,0,39,97,40.2,16,47,34.0,10,16,62.5,104,6.7,0.7,0.8,0.1,11.6,,,,,,100
Harman Singh,20,36,2,85,100,41.1,18,69,26.1,43,51,84.3,231,4.6,3.1,1.0,0.1,11.6,,,,,,100
Tanner Smith,35,66,2,166,100,45.1,2,14,14.3,70,131,53.4,405,16.0,2.1,1.2,3.1,11.6,,,,,,100
Wahid Baksh,13,16,0,61,100,40.1,18,80,22.5,9,12,75.0,149,6.8,2.1,1.8,0.1,11.5,,,,,,100
David Muller,17,13,0,75,100,39.1,40,126,31.7,5,11,45.5,195,4.9,1.9,0.9,0.2,11.5,,,,,,100
Davis Kos-Whicher,18,15,0,90,100,53.9,5,15,33.3,22,33,66.7,207,8.6,1.0,0.9,0.5,11.5,,,,,,100
Mikeal Clegg,3,1,0,15,23,65.2,1,1,100.0,3,7,42.9,34,4.7,1.0,0.7,0.3,11.3,,,,,,100
Andrew Park,16,29,1,78,100,50.6,5,28,17.9,20,45,44.4,181,5.4,1.1,1.3,0.3,11.3,,,,,,100
Jay Kesson,11,20,5,59,100,49.2,5,16,31.3,1,7,14.3,124,6.3,1.2,0.3,0.3,11.3,,,,,,100
Nicholas Reid,3,2,0,12,21,57.1,8,13,61.5,2,2,100.0,34,3.0,1.3,0.7,0.0,11.3,,,,,,100
Izaiah Maple-Stevens,20,23,0,81,100,39.1,25,72,34.7,37,54,68.5,226,5.7,1.8,1.2,0.2,11.3,,,,,,100
Luke Klusa,17,41,1,66,100,34.2,19,86,22.1,40,68,58.8,192,5.8,1.8,1.2,0.2,11.3,,,,,,100
Ruidi Shi,15,17,0,60,100,46.9,43,99,43.4,2,4,50.0,168,2.5,1.9,0.7,0.1,11.2,,,,,,100
Inderdeep Singh,12,6,0,56,100,42.4,13,56,23.2,9,19,47.4,134,5.9,1.8,1.1,0.6,11.2,,,,,,100
Kieran Buchberger,21,22,0,92,100,39.8,42,121,34.7,10,36,27.8,236,8.0,0.7,1.0,0.5,11.2,,,,,,100
Dakota Martin,64,40,0,335,100,54.3,34,94,36.2,31,52,59.6,719,9.3,0.7,0.5,0.2,11.2,,,,,,100
Terrel Jordan,15,16,0,65,100,34.8,20,88,22.7,17,33,51.5,167,3.8,1.0,1.0,0.0,11.1,,,,,,100
Jaiden Venturini,20,10,0,88,100,44.0,27,82,32.9,19,30,63.3,222,3.7,1.1,0.4,0.0,11.1,,,,,,100
Alden Sansano,28,25,0,116,100,40.6,46,157,29.3,32,53,60.4,310,3.1,1.0,0.4,0.0,11.1,,,,,,100
Ryyan Koleric,1,2,0,4,10,40.0,3,7,42.9,0,1,0.0,11,2.0,3.0,0.0,1.0,11.0,,,,,,100
Sadig Guwrite Faragalla,1,0,0,5,11,45.5,0,0,0.0,1,2,50.0,11,8.0,0.0,1.0,0.0,11.0,,,,,,100
Ibrahim Jalloh,7,15,0,35,63,55.6,2,11,18.2,5,16,31.3,77,7.3,0.6,1.0,0.7,11.0,,,,,,100
Harold Memita,1,0,0,4,7,57.1,3,4,75.0,0,0,0.0,11,3.0,2.0,0.0,0.0,11.0,,,,,,100
Jonar Huertas,1,1,0,5,14,35.7,1,5,20.0,0,0,0.0,11,5.0,4.0,0.0,0.0,11.0,,,,,,100
Stephen Olivier-Job,10,18,1,43,100,29.1,16,61,26.2,6,14,42.9,109,6.6,2.9,1.4,0.1,10.9,,,,,,100
Ishroop Singh,18,15,0,85,100,46.4,16,36,44.4,10,20,50.0,197,3.5,0.7,0.3,0.2,10.9,,,,,,100
Lawson Spence,8,7,0,34,100,33.3,11,52,21.2,8,16,50.0,87,5.9,2.0,1.4,0.4,10.9,,,,,,100
Brian Triminio,18,22,0,86,100,42.6,2,6,33.3,22,39,56.4,197,7.0,0.8,0.9,0.8,10.9,,,,,,100
George Loewen,20,72,2,98,100,43.4,0,5,0.0,17,38,44.7,215,6.0,1.1,0.9,0.3,10.8,,,,,,100
Myles Stewart,11,23,0,44,100,32.8,21,62,33.9,10,18,55.6,119,6.5,2.1,1.8,0.1,10.8,,,,,,100
Braedon Speer,9,14,0,39,87,44.8,4,19,21.1,15,25,60.0,97,8.2,2.3,0.9,1.0,10.8,,,,,,100
Kuch Akeen,21,33,0,96,100,39.0,27,113,23.9,7,13,53.8,226,6.0,3.2,1.3,0.1,10.8,,,,,,100
Liam Shedden,3,4,0,10,30,33.3,2,6,33.3,10,10,100.0,32,5.3,1.0,0.3,0.3,10.7,,,,,,100
Ian Schaefer,15,21,1,52,100,43.3,18,49,36.7,38,52,73.1,160,6.0,0.8,0.5,0.7,10.7,,,,,,100
Alec Bernier,3,3,0,14,37,37.8,3,11,27.3,1,6,16.7,32,5.0,0.7,0.3,0.3,10.7,,,,,,100
Eric Leong,20,14,0,82,100,39.0,44,132,33.3,2,6,33.3,214,4.3,0.8,0.6,0.1,10.7,,,,,,100
George Muga,9,6,0,37,83,44.6,17,50,34.0,4,6,66.7,96,2.6,0.3,0.1,0.0,10.7,,,,,,100
Mike Pawlyshyn,15,6,0,53,100,29.1,50,173,28.9,3,9,33.3,159,3.9,0.8,0.1,0.2,10.6,,,,,,100
Gwyn Bernardo,35,65,1,147,100,41.1,39,141,27.7,40,68,58.8,371,6.3,1.6,0.8,0.5,10.6,,,,,,100
Riley Werner,17,27,0,70,100,39.8,16,72,22.2,22,53,41.5,178,5.4,0.9,0.3,0.2,10.5,,,,,,100
Ogo Okwumabua,14,22,1,61,100,45.9,2,9,22.2,23,36,63.9,147,7.3,1.9,0.7,0.6,10.5,,,,,,100
Jason Uzonna,10,20,0,42,100,37.8,9,39,23.1,11,23,47.8,104,4.8,1.5,1.1,0.5,10.4,,,,,,100
Hayden Nellis,19,50,2,77,100,36.8,3,11,27.3,43,75,57.3,197,9.9,2.3,1.4,0.8,10.4,,,,,,100
Ethan Iwanusiw,10,15,2,40,93,43.0,11,37,29.7,13,20,65.0,104,4.9,3.0,1.4,0.6,10.4,,,,,,100
Austin Addison,16,30,0,71,100,42.5,12,52,23.1,13,18,72.2,167,8.6,2.4,1.2,0.1,10.4,,,,,,100
Madhav Sharma,16,28,0,72,100,46.5,16,57,28.1,10,18,55.6,166,7.4,1.0,1.3,0.1,10.4,,,,,,100
Serge Buisse,12,15,0,53,100,40.8,8,31,25.8,10,24,41.7,123,3.9,1.1,1.5,0.3,10.3,,,,,,100
Aidan Wilson,16,17,2,65,100,33.5,23,88,26.1,13,31,41.9,165,7.5,0.4,0.2,0.2,10.3,,,,,,100
Nick Zutz,13,6,0,61,100,45.9,2,5,40.0,10,20,50.0,134,7.2,1.1,0.5,1.0,10.3,,,,,,100
Justin Oldfield,40,33,1,178,100,53.0,27,81,33.3,24,39,61.5,407,5.7,1.7,0.6,0.3,10.2,,,,,,100
Liam Freeman,6,11,0,26,60,43.3,7,24,29.2,2,3,66.7,61,3.5,1.3,0.8,0.3,10.2,,,,,,100
Carter Malegus,6,19,0,26,69,37.7,1,17,5.9,8,13,61.5,61,5.3,1.7,1.7,0.5,10.2,,,,,,100
Greg Wint,12,6,0,48,100,30.6,16,72,22.2,10,27,37.0,122,6.9,2.8,1.1,0.8,10.2,,,,,,100
Zach Walker,15,27,0,59,100,38.3,31,79,39.2,4,8,50.0,153,3.5,0.8,0.7,0.0,10.2,,,,,,100
Chandeep Brar,17,18,0,54,100,32.7,31,107,29.0,32,49,65.3,171,2.6,0.9,0.4,0.1,10.1,,,,,,100
Ryan Whitney,18,36,0,69,100,29.7,30,126,23.8,14,29,48.3,182,4.1,1.3,0.9,0.2,10.1,,,,,,100
Jason Malcolm,13,25,1,50,100,33.1,26,91,28.6,6,10,60.0,131,4.6,1.7,1.8,0.4,10.1,,,,,,100
Alex Tong,18,19,0,62,100,32.6,44,132,33.3,12,14,85.7,181,2.6,0.7,0.6,0.2,10.1,,,,,,100
Jonathan Wolfe,21,19,0,87,100,39.0,20,65,30.8,18,25,72.0,213,4.2,3.3,1.0,0.1,10.1,,,,,,100
Noah Castres,19,25,0,73,100,44.2,18,70,25.7,26,49,53.1,190,3.6,1.3,0.8,0.4,10.0,,,,,,100
Spencer Bruin,1,2,0,5,9,55.6,0,1,0.0,0,2,0.0,10,6.0,1.0,0.0,0.0,10.0,,,,,,100
Evan *,1,0,0,4,12,33.3,1,2,50.0,1,2,50.0,10,5.0,0.0,0.0,0.0,10.0,,,,,,100
Xavier,1,2,0,4,9,44.4,1,4,25.0,1,2,50.0,10,6.0,2.0,2.0,0.0,10.0,,,,,,100
Mekhi Parisian,13,24,1,45,100,37.2,26,68,38.2,13,24,54.2,129,5.9,0.8,0.7,0.7,9.9,,,,,,100
Maric Param,31,62,0,137,100,48.6,7,23,30.4,25,49,51.0,306,7.4,1.0,1.5,0.2,9.9,,,,,,100
MJ Gutierrez,17,21,0,60,100,40.5,40,103,38.8,7,10,70.0,167,2.9,0.4,0.6,0.0,9.8,,,,,,100
Jonathan Salunga (Duplicate),13,19,1,47,100,34.6,12,59,20.3,21,57,36.8,127,4.6,2.6,1.8,0.5,9.8,,,,,,100
Keven Barron,8,5,0,32,74,43.2,3,11,27.3,11,14,78.6,78,4.3,0.6,0.6,0.1,9.8,,,,,,100
Raj Brar,7,4,1,29,65,44.6,1,6,16.7,9,11,81.8,68,3.7,2.7,0.6,0.1,9.7,,,,,,100
Aken Akeen,17,18,0,73,100,42.7,8,32,25.0,11,21,52.4,165,9.8,1.0,0.5,1.4,9.7,,,,,,100
Tarik Tokar,20,25,2,73,100,43.2,19,53,35.8,30,47,63.8,193,8.6,4.4,1.4,0.4,9.7,,,,,,100
Kellen Woo,14,9,0,60,100,38.5,10,41,24.4,6,10,60.0,136,4.3,1.2,1.4,0.0,9.7,,,,,,100
Kegan Hopper,18,14,0,73,100,48.3,13,46,28.3,16,24,66.7,175,8.9,2.5,0.8,0.7,9.7,,,,,,100
Anthony Tamondong,15,23,0,53,100,41.7,21,51,41.2,19,30,63.3,146,3.1,1.4,0.9,0.0,9.7,,,,,,100
Allan Turner,15,21,0,67,100,44.4,1,2,50.0,9,22,40.9,144,9.5,0.4,1.1,0.3,9.6,,,,,,100
Varinder Brar,21,24,0,81,100,37.7,28,112,25.0,11,28,39.3,201,4.9,1.8,0.2,0.0,9.6,,,,,,100
Greg Kuz Jr,27,37,0,96,100,35.3,48,144,33.3,19,27,70.4,259,5.4,2.0,1.3,0.4,9.6,,,,,,100
Odik Opap,18,33,0,66,100,32.2,33,111,29.7,8,15,53.3,173,5.3,1.7,0.9,0.1,9.6,,,,,,100
Jean Paul Ngabo,7,16,1,26,84,31.0,12,52,23.1,3,6,50.0,67,8.7,1.3,2.3,0.1,9.6,,,,,,100
Devin Campbell,17,30,0,61,100,26.8,25,119,21.0,17,25,68.0,164,3.5,1.0,1.4,0.0,9.6,,,,,,100
Rory Doak,18,15,0,64,100,37.6,14,56,25.0,31,45,68.9,173,5.2,1.5,0.6,0.1,9.6,,,,,,100
Daniel Ramlal,17,6,0,68,100,47.9,11,31,35.5,15,21,71.4,164,2.6,0.9,0.9,0.1,9.6,,,,,,100
Sehaj Jawanda,11,20,0,39,100,37.5,20,60,33.3,8,20,40.0,106,5.2,1.2,0.6,0.2,9.6,,,,,,100
Keerat Bhullar,5,10,0,16,47,34.0,8,24,33.3,8,13,61.5,48,5.6,0.8,0.4,0.0,9.6,,,,,,100
David Oshilaja,32,51,0,140,100,48.1,10,56,17.9,15,40,37.5,305,6.3,0.5,0.6,0.7,9.5,,,,,,100
Nikita Amrom,14,26,0,52,100,29.9,22,84,26.2,6,20,30.0,133,3.7,1.1,1.3,0.0,9.5,,,,,,100
Ekam Toor,4,2,0,17,49,34.7,4,24,16.7,0,0,0.0,38,3.5,1.5,2.0,0.0,9.5,,,,,,100
Lance Mangaron,4,10,0,17,35,48.6,2,9,22.2,4,8,50.0,38,3.3,1.0,2.5,0.0,9.5,,,,,,100
Christian Bera,2,2,0,7,10,70.0,3,4,75.0,2,3,66.7,19,1.0,1.5,0.5,0.0,9.5,,,,,,100
Mosab Ahmed,21,33,0,88,100,52.4,14,40,35.0,9,14,64.3,199,5.6,1.5,0.9,0.1,9.5,,,,,,100
Jacky Pham,19,41,0,81,100,53.3,6,36,16.7,14,29,48.3,181,5.3,0.8,1.7,0.2,9.5,,,,,,100
Stephen Ralko,19,31,0,72,100,41.6,26,82,31.7,9,14,64.3,180,3.7,3.3,1.8,0.3,9.5,,,,,,100
Samuel Sola,20,24,0,72,100,38.1,28,75,37.3,16,23,69.6,190,4.2,0.9,0.7,0.2,9.5,,,,,,100
Brayden Neufeld,16,29,1,59,100,59.0,0,2,0.0,32,48,66.7,150,7.6,1.3,1.4,0.3,9.4,,,,,,100
Hassan Kamara,15,30,1,64,100,40.5,9,33,27.3,4,7,57.1,141,6.0,1.5,1.3,0.3,9.4,,,,,,100
Jules Martens,12,25,0,53,93,57.0,0,3,0.0,6,9,66.7,112,9.9,1.5,0.7,0.3,9.3,,,,,,100
Chaymaine Roberts,20,20,0,86,100,57.0,8,35,22.9,6,12,50.0,186,3.4,1.7,0.7,0.3,9.3,,,,,,100
Trevor Godfrey,42,40,1,132,100,37.9,116,297,39.1,10,13,76.9,390,4.7,2.7,0.6,0.2,9.3,,,,,,100
Adam Boychuk,18,44,0,60,100,37.5,42,121,34.7,5,11,45.5,167,3.3,1.2,0.6,0.0,9.3,,,,,,100
Ted Oakley,4,5,0,15,26,57.7,8,17,47.1,8,2,400.0,37,4.3,1.8,0.0,0.0,9.3,,,,,,100
Paul Boateng,9,19,0,28,100,24.8,15,62,24.2,12,20,60.0,83,3.1,1.4,0.6,0.1,9.2,,,,,,100
Sukhdeep Saran,10,17,0,38,90,42.2,6,23,26.1,10,11,90.9,92,5.2,1.1,0.4,0.1,9.2,,,,,,100
El-fatih Jamal,18,13,0,59,100,30.3,39,135,28.9,4,8,50.0,163,4.7,1.6,0.8,0.2,9.1,,,,,,100
Yaechan Son,17,19,0,59,100,45.7,33,75,44.0,3,5,60.0,154,2.8,0.9,0.4,0.1,9.1,,,,,,100
Eric Klein,17,14,0,53,100,32.7,28,97,28.9,12,20,60.0,154,5.9,1.9,0.9,0.2,9.1,,,,,,100
Jurwin Garcia,11,5,0,45,81,55.6,7,21,33.3,2,2,100.0,99,2.9,1.2,0.5,0.2,9.0,,,,,,100
Markus Minarik,15,32,0,63,100,51.6,0,4,0.0,16,30,53.3,135,8.9,1.6,0.4,0.4,9.0,,,,,,100
Raymond Kelly,1,2,0,4,9,44.4,1,2,50.0,0,0,0.0,9,12.0,3.0,2.0,0.0,9.0,,,,,,100
Robel Feshasion,1,1,0,4,10,40.0,1,5,20.0,0,0,0.0,9,3.0,0.0,0.0,0.0,9.0,,,,,,100
Johah Hudson,6,13,0,18,49,36.7,8,21,38.1,10,11,90.9,54,7.2,1.0,1.2,1.0,9.0,,,,,,100
Rashid Abdualgadir,1,2,0,4,15,26.7,1,11,9.1,0,0,0.0,9,1.0,1.0,0.0,4.0,9.0,,,,,,100
Dennis Seng,3,6,0,11,29,37.9,2,7,28.6,3,6,50.0,27,4.0,0.7,0.7,0.7,9.0,,,,,,100
Deng Guluak,2,2,0,5,22,22.7,0,0,0.0,8,9,88.9,18,5.5,0.5,0.0,0.5,9.0,,,,,,100
Devin Antymniuk,18,23,0,73,100,42.0,3,22,13.6,13,18,72.2,162,7.1,2.2,0.6,0.4,9.0,,,,,,100
Isaiah Peters,20,40,1,70,100,38.9,24,84,28.6,14,30,46.7,180,5.0,2.2,2.6,0.6,9.0,,,,,,100
Danny Urbina,17,35,0,67,100,40.9,12,49,24.5,7,11,63.6,151,4.2,1.4,1.2,0.2,8.9,,,,,,100
Khas Tokar,8,11,0,27,74,36.5,13,43,30.2,4,6,66.7,71,4.1,1.1,0.3,0.5,8.9,,,,,,100
Zachary Van Walleghem,20,20,0,71,100,39.2,21,64,32.8,14,27,51.9,177,3.9,1.8,0.7,0.0,8.9,,,,,,100
Colson Reimer,12,16,0,42,100,41.6,4,21,19.0,19,36,52.8,107,3.7,0.5,0.4,0.3,8.9,,,,,,100
Kobe Burkett,20,20,0,72,100,36.5,26,96,27.1,7,20,35.0,177,3.7,1.5,1.5,0.1,8.9,,,,,,100
Aidan Salmon,10,13,0,33,94,35.1,17,51,33.3,5,9,55.6,88,3.8,0.9,0.9,0.0,8.8,,,,,,100
Dave Michaelson,4,2,0,16,39,41.0,2,12,16.7,1,8,12.5,35,5.5,0.5,1.8,0.5,8.8,,,,,,100
Justin Garcia,20,51,0,68,100,40.0,0,8,0.0,38,71,53.5,175,8.5,1.7,1.6,0.4,8.8,,,,,,100
Parth Saul,18,9,0,59,100,33.0,36,114,31.6,5,11,45.5,159,3.6,1.1,0.1,0.0,8.8,,,,,,100
Dhemir Punay,18,18,0,56,100,32.0,33,111,29.7,12,21,57.1,159,2.9,1.2,0.8,0.2,8.8,,,,,,100
Eric Thompson,16,18,0,61,100,39.1,10,44,22.7,8,13,61.5,139,5.7,1.6,0.8,0.1,8.7,,,,,,100
Brian Casimiro,7,10,1,24,69,34.8,5,29,17.2,8,20,40.0,61,4.4,0.7,0.9,0.0,8.7,,,,,,100
Meher Deol,15,28,0,50,100,34.7,10,43,23.3,21,33,63.6,131,7.6,3.2,1.3,0.1,8.7,,,,,,100
Mike Hebert,35,57,3,117,100,49.8,6,28,21.4,62,111,55.9,304,8.0,2.7,0.8,1.4,8.7,,,,,,100
Alex Park,20,18,0,69,100,34.2,20,84,23.8,16,24,66.7,174,3.1,0.5,0.5,0.0,8.7,,,,,,100
Colin Laplante,17,22,0,57,100,32.6,16,72,22.2,19,34,55.9,148,5.2,2.1,1.0,0.3,8.7,,,,,,100
Andrew Willms,16,27,1,48,100,34.0,3,26,11.5,38,68,55.9,139,9.8,1.0,0.4,0.7,8.7,,,,,,100
Hanny Mehari,5,10,0,20,44,45.5,3,10,30.0,0,5,0.0,43,4.0,1.6,0.8,1.4,8.6,,,,,,100
Carter Gilmore,19,32,0,65,100,33.7,21,91,23.1,13,20,65.0,164,6.8,1.4,0.9,0.2,8.6,,,,,,100
Trudon Bofoya,19,28,0,78,100,73.6,0,1,0.0,8,12,66.7,164,5.6,1.1,0.8,0.6,8.6,,,,,,100
Kobby Saint,20,12,1,77,100,39.5,4,29,13.8,14,24,58.3,172,10.6,1.5,0.6,0.1,8.6,,,,,,100
Brian Voth,18,37,0,70,100,41.4,2,4,50.0,18,28,64.3,154,10.3,0.7,0.4,0.3,8.6,,,,,,100
Riley Sova,12,18,0,41,93,44.1,3,15,20.0,17,23,73.9,102,4.5,0.7,1.2,0.3,8.5,,,,,,100
Ali Ahmed,20,30,4,60,100,44.1,44,105,41.9,4,5,80.0,170,6.8,2.1,1.0,0.1,8.5,,,,,,100
Kieran McGrath,8,8,0,28,71,39.4,7,23,30.4,5,10,50.0,68,5.1,0.8,0.5,0.5,8.5,,,,,,100
Jesse Gates,37,37,3,130,100,41.9,42,120,35.0,14,17,82.4,316,5.0,2.5,1.4,0.8,8.5,,,,,,100
J.C. Aaron,16,19,0,46,100,35.7,19,51,37.3,23,39,59.0,134,3.9,1.6,0.9,0.0,8.4,,,,,,100
Aaron Thomas,5,7,0,19,46,41.3,0,1,0.0,4,7,57.1,42,3.2,1.6,1.0,0.4,8.4,,,,,,100
Eric Dupuis,14,16,0,48,100,35.8,4,30,13.3,17,37,45.9,117,5.4,1.4,0.7,0.4,8.4,,,,,,100
Greg Diouf,9,11,0,27,70,38.6,13,36,36.1,9,12,75.0,76,5.8,1.1,1.0,0.2,8.4,,,,,,100
Tom Miller,16,23,0,58,100,43.9,4,15,26.7,14,32,43.8,134,3.3,1.2,1.1,0.3,8.4,,,,,,100
Bobbie Driskell,14,13,0,49,100,39.5,14,45,31.1,5,5,100.0,117,4.1,1.9,0.6,0.2,8.4,,,,,,100
Aksajeet Toor,14,19,0,51,100,41.1,8,34,23.5,9,20,45.0,118,5.5,0.7,0.4,0.0,8.4,,,,,,100
Sean Kirby,24,21,0,74,100,31.6,44,154,28.6,7,24,29.2,199,3.7,0.9,0.6,0.4,8.3,,,,,,100
Nick Fletcher,19,36,1,52,100,37.4,20,63,31.7,33,37,89.2,157,3.1,2.1,1.2,0.1,8.3,,,,,,100
Kristian Teschner,13,23,0,43,100,37.7,14,47,29.8,8,13,61.5,108,5.1,1.3,0.5,0.3,8.3,,,,,,100
Christian Bantug,8,11,0,28,55,50.9,3,10,30.0,7,13,53.8,66,3.6,0.8,0.6,0.3,8.3,,,,,,100
Tyler Kohut,14,22,0,47,100,47.0,2,10,20.0,19,28,67.9,115,5.2,2.7,1.1,0.1,8.2,,,,,,100
Ticon Dano,18,18,0,56,100,36.8,24,71,33.8,11,16,68.8,147,4.4,1.4,1.2,0.1,8.2,,,,,,100
Owen Dimaano,14,14,0,50,81,61.7,12,41,29.3,3,7,42.9,115,4.1,0.3,0.6,0.9,8.2,,,,,,100
Jeremiah San Jose,19,24,0,67,100,35.4,15,69,21.7,4,10,40.0,153,3.7,1.2,1.2,0.1,8.1,,,,,,100
Michael Smith,14,14,0,48,100,41.7,0,0,0.0,16,45,35.6,113,5.6,0.7,0.6,0.0,8.1,,,,,,100
Justin Duff,11,17,0,40,74,54.1,0,1,0.0,9,24,37.5,89,11.6,0.5,0.5,2.4,8.1,,,,,,100
Andrew Sullivan,13,20,0,50,73,68.5,4,7,57.1,3,7,42.9,105,7.8,3.1,1.2,0.5,8.1,,,,,,100
Milan Tombeli,1,2,0,4,13,30.8,0,1,0.0,0,0,0.0,8,9.0,0.0,3.0,1.0,8.0,,,,,,100
Jon Hayter,3,6,0,10,24,41.7,3,14,21.4,1,2,50.0,24,3.3,1.0,0.7,0.3,8.0,,,,,,100
Kito Poblah,2,3,0,7,12,58.3,2,3,66.7,0,0,0.0,16,10.0,0.0,1.5,0.0,8.0,,,,,,100
Dele Opaleke,1,5,1,3,5,60.0,0,0,0.0,2,4,50.0,8,2.0,2.0,0.0,0.0,8.0,,,,,,100
Amin Peter,1,0,0,3,4,75.0,2,3,66.7,0,0,0.0,8,4.0,3.0,0.0,0.0,8.0,,,,,,100
Sam Haufek,5,6,0,16,36,44.4,6,17,35.3,2,7,28.6,40,6.2,0.2,0.2,0.4,8.0,,,,,,100
Ryan Rycroft,3,2,0,9,24,37.5,6,19,31.6,0,0,0.0,24,3.0,0.7,0.7,0.0,8.0,,,,,,100
AJ Connor,1,0,0,4,9,44.4,0,3,0.0,0,0,0.0,8,4.0,5.0,0.0,1.0,8.0,,,,,,100
Chris Sheperd,3,0,0,9,24,37.5,4,8,50.0,2,4,50.0,24,3.3,1.3,0.0,0.0,8.0,,,,,,100
Nam Nguyen,18,21,0,61,100,37.9,5,35,14.3,15,29,51.7,144,2.9,2.1,1.1,0.0,8.0,,,,,,100
Rylen Olaes,2,0,0,6,18,33.3,3,7,42.9,1,3,33.3,16,1.5,3.0,0.5,0.0,8.0,,,,,,100
Shaerab Header,2,0,0,7,11,63.6,1,3,33.3,1,4,25.0,16,0.0,0.5,0.5,0.5,8.0,,,,,,100
Neil Tolentino,1,2,0,3,11,27.3,1,4,25.0,1,2,50.0,8,1.0,1.0,0.0,0.0,8.0,,,,,,100
Mekhi Tryal,1,0,0,3,9,33.3,2,4,50.0,0,0,0.0,8,3.0,1.0,2.0,1.0,8.0,,,,,,100
Ysaac Toledo,19,10,0,67,100,42.4,9,42,21.4,9,27,33.3,152,6.3,1.6,0.4,0.0,8.0,,,,,,100
Gaby Rizk,22,40,2,62,100,32.8,22,88,25.0,31,50,62.0,177,4.5,0.9,1.5,0.0,8.0,,,,,,100
Tiago Oliverira,1,1,0,3,8,37.5,1,3,33.3,1,2,50.0,8,8.0,3.0,3.0,0.0,8.0,,,,,,100
Juan Villada,9,13,0,24,62,38.7,19,42,45.2,8,9,88.9,71,5.2,2.9,1.0,0.0,7.9,,,,,,100
Ryan Storey,13,27,1,36,100,33.0,16,58,27.6,15,30,50.0,103,4.7,1.8,0.7,0.1,7.9,,,,,,100
Elvis Music,20,38,0,68,100,39.8,8,39,20.5,13,25,52.0,157,5.1,1.0,0.5,0.3,7.9,,,,,,100
Steven Wong,15,30,0,48,100,36.9,4,25,16.0,20,34,58.8,118,4.2,1.2,0.2,0.2,7.9,,,,,,100
Jarrel Garcia,16,14,0,46,100,38.7,25,85,29.4,11,14,78.6,126,3.4,1.6,0.8,0.1,7.9,,,,,,100
David Mugugu,7,21,0,21,43,48.8,8,19,42.1,5,9,55.6,55,4.9,0.7,0.1,0.1,7.9,,,,,,100
Amir Teame,4,9,0,13,31,41.9,3,15,20.0,2,3,66.7,31,2.5,1.0,1.3,0.0,7.8,,,,,,100
Hudson Wollf,5,4,0,15,37,40.5,2,8,25.0,7,16,43.8,39,7.0,0.4,1.4,1.4,7.8,,,,,,100
Michael Makumbi,4,8,0,14,28,50.0,1,5,20.0,2,2,100.0,31,3.3,0.5,0.8,0.3,7.8,,,,,,100
Tad Fraser,12,6,0,40,88,45.5,1,1,100.0,13,23,56.5,94,8.6,0.5,1.1,0.1,7.8,,,,,,100
Jayden McKoy,4,11,0,12,29,41.4,4,11,36.4,3,4,75.0,31,3.5,1.5,1.3,0.5,7.8,,,,,,100
Liam Patrick,20,20,0,58,100,43.3,1,6,16.7,33,61,54.1,154,11.4,1.5,1.3,0.4,7.7,,,,,,100
Jessie Seng,16,29,0,48,100,36.1,17,59,28.8,10,19,52.6,123,4.1,1.2,0.6,0.3,7.7,,,,,,100
Quinton Chambers,7,7,0,22,73,30.1,9,39,23.1,1,6,16.7,54,5.1,0.6,1.3,0.3,7.7,,,,,,100
Philip Swart,18,29,0,63,100,52.5,1,3,33.3,12,24,50.0,139,8.1,1.2,0.7,0.7,7.7,,,,,,100
Tarndeep Gosal,18,27,0,52,100,31.5,24,89,27.0,10,18,55.6,138,3.7,1.2,0.6,0.2,7.7,,,,,,100
Jeffrey Weekes,6,4,0,18,55,32.7,9,33,27.3,1,4,25.0,46,5.5,1.0,1.7,0.2,7.7,,,,,,100
Nathan Duncan,14,15,1,37,87,42.5,10,33,30.3,23,38,60.5,107,3.6,1.6,1.0,0.1,7.6,,,,,,100
Ben Githieya,17,38,0,59,100,48.4,2,13,15.4,9,16,56.3,129,4.2,0.5,0.5,0.0,7.6,,,,,,100
Ryan Griffiths,23,33,0,66,100,45.8,5,22,22.7,38,62,61.3,175,8.9,1.0,1.1,1.6,7.6,,,,,,100
Joash Rocaberte,20,20,0,54,100,33.5,32,104,30.8,10,11,90.9,150,2.1,1.5,1.1,0.1,7.5,,,,,,100
Gorden Chow,21,14,0,64,100,27.4,21,97,21.6,8,18,44.4,157,3.1,1.1,0.7,0.0,7.5,,,,,,100
Harvir Aulakh,15,25,0,42,100,42.0,13,35,37.1,20,33,60.6,113,4.5,1.3,0.3,0.4,7.5,,,,,,100
Jesse Fedak,13,3,0,43,84,51.2,10,18,55.6,2,8,25.0,98,5.2,0.9,0.6,0.4,7.5,,,,,,100
JT Herr,9,15,0,28,51,54.9,8,26,30.8,3,4,75.0,67,3.8,1.0,1.2,0.2,7.4,,,,,,100
Alec Soriano,20,19,0,59,100,41.0,4,32,12.5,25,63,39.7,147,8.6,0.9,0.6,0.5,7.4,,,,,,100
Antoine Leblanc,11,14,0,29,88,33.0,9,42,21.4,17,26,65.4,81,5.2,1.4,1.7,0.2,7.4,,,,,,100
Sunny Saran,8,13,0,26,64,40.6,2,14,14.3,5,10,50.0,59,5.0,0.9,1.4,0.3,7.4,,,,,,100
Richard Reimer,7,9,0,23,70,32.9,0,5,0.0,7,20,35.0,52,8.3,1.0,2.0,0.6,7.4,,,,,,100
Karnveer Ranu,18,13,0,52,100,36.9,28,80,35.0,0,6,0.0,133,6.7,1.4,0.4,0.6,7.4,,,,,,100
Kismayo De michael,5,8,0,15,31,48.4,5,14,35.7,2,4,50.0,37,3.2,2.0,2.6,1.8,7.4,,,,,,100
Jack Connelly,16,14,1,40,100,34.5,28,83,33.7,8,12,66.7,116,3.1,1.3,0.7,0.0,7.3,,,,,,100
Dalaver Brar,18,20,0,62,100,59.6,3,4,75.0,4,7,57.1,131,4.8,0.5,0.3,0.1,7.3,,,,,,100
Hafiz Jatto,19,33,1,55,100,29.1,23,128,18.0,6,9,66.7,139,5.8,2.8,1.5,0.5,7.3,,,,,,100
Andrew Ricard,17,31,1,52,100,36.4,11,32,34.4,11,16,68.8,124,5.9,1.2,1.2,0.0,7.3,,,,,,100
Evan Lawton,15,9,0,45,100,42.1,11,34,32.4,9,20,45.0,109,3.5,0.5,1.3,0.0,7.3,,,,,,100
Shaun Cross,12,15,1,29,89,32.6,12,37,32.4,18,31,58.1,88,9.0,1.8,1.5,0.3,7.3,,,,,,100
Darren Gudmundson,3,3,0,8,27,29.6,6,16,37.5,0,0,0.0,22,3.3,0.7,1.7,0.0,7.3,,,,,,100
Logan Schreyer,18,17,0,48,100,41.0,2,12,16.7,36,57,63.2,131,6.2,1.3,0.6,0.6,7.3,,,,,,100
Mathias Bockru,9,14,1,29,80,36.3,5,26,19.2,2,2,100.0,65,4.9,1.4,0.9,0.0,7.2,,,,,,100
Jack Harrison,17,23,0,50,100,45.9,5,12,41.7,18,36,50.0,123,2.9,1.5,0.8,0.1,7.2,,,,,,100
Steven Tran,6,9,0,18,42,42.9,0,6,0.0,7,10,70.0,43,5.0,2.0,1.5,0.0,7.2,,,,,,100
Justin Catenza,17,24,0,45,100,44.6,19,48,39.6,12,19,63.2,122,3.5,1.9,0.6,0.1,7.2,,,,,,100
Graham Derendorf,10,14,0,24,75,32.0,14,45,31.1,7,14,50.0,71,2.9,0.5,0.8,0.0,7.1,,,,,,100
Luke Penner,16,24,0,44,100,25.4,24,121,19.8,2,10,20.0,114,1.7,0.3,0.9,0.1,7.1,,,,,,100
Brandon Murdock,20,32,0,59,100,39.6,15,59,25.4,9,13,69.2,142,5.9,1.6,1.3,0.4,7.1,,,,,,100
Mattes de Guarrini,8,22,0,22,43,51.2,1,4,25.0,12,23,52.2,57,3.3,0.4,2.0,0.0,7.1,,,,,,100
Jan Manibo,18,23,0,45,92,48.9,22,42,52.4,13,21,61.9,127,3.4,2.7,1.1,0.2,7.1,,,,,,100
Josh Gandier,1,1,0,3,8,37.5,1,6,16.7,0,0,0.0,7,3.0,1.0,1.0,0.0,7.0,,,,,,100
James McCammon,2,5,0,5,23,21.7,4,16,25.0,0,0,0.0,14,6.0,1.0,1.0,0.0,7.0,,,,,,100
Jesse Casey,15,44,0,43,100,26.1,6,40,15.0,11,30,36.7,105,7.9,1.2,1.1,0.5,7.0,,,,,,100
Ankit Raturi,21,34,2,51,100,32.1,18,80,22.5,27,50,54.0,147,4.6,1.6,0.6,0.0,7.0,,,,,,100
Chace Porter,16,28,0,52,100,40.9,6,35,17.1,2,4,50.0,112,2.4,0.9,0.8,0.0,7.0,,,,,,100
Charles Goossen,1,1,0,3,20,15.0,1,7,14.3,0,0,0.0,7,12.0,3.0,3.0,1.0,7.0,,,,,,100
Samuel Chin,3,5,0,9,22,40.9,1,4,25.0,2,6,33.3,21,3.0,0.3,1.3,0.0,7.0,,,,,,100
Sean Asselstine,1,2,0,3,6,50.0,0,0,0.0,1,2,50.0,7,6.0,0.0,0.0,2.0,7.0,,,,,,100
Reese Hickey,3,6,0,9,35,25.7,2,18,11.1,1,4,25.0,21,4.3,0.3,0.3,0.3,7.0,,,,,,100
Ryan Croy,16,23,0,48,100,36.9,0,0,0.0,16,31,51.6,112,3.6,0.5,0.4,0.1,7.0,,,,,,100
Raymond Tuazon,3,9,0,10,16,62.5,0,0,0.0,1,5,20.0,21,2.7,0.7,1.0,0.0,7.0,,,,,,100
Noah Fast,15,39,0,44,100,30.8,9,35,25.7,8,32,25.0,105,6.5,0.7,0.9,0.1,7.0,,,,,,100
Lumar Mambo,1,2,0,3,5,60.0,1,1,100.0,0,0,0.0,7,3.0,0.0,1.0,1.0,7.0,,,,,,100
Denis Clarke,1,1,0,3,3,100.0,0,0,0.0,1,2,50.0,7,2.0,0.0,0.0,0.0,7.0,,,,,,100
Daniel Hidalgo,1,0,0,3,7,42.9,1,4,25.0,0,0,0.0,7,2.0,6.0,1.0,0.0,7.0,,,,,,100
Dorian Quelick,1,2,0,3,5,60.0,1,1,100.0,0,0,0.0,7,4.0,2.0,0.0,0.0,7.0,,,,,,100
Mike Seidu,2,2,0,6,14,42.9,2,8,25.0,0,1,0.0,14,2.0,0.5,0.0,0.0,7.0,,,,,,100
Yoni Worn,18,19,0,49,100,36.6,18,60,30.0,6,13,46.2,124,6.1,2.4,0.6,0.0,6.9,,,,,,100
Balraj Hothi,17,26,0,51,100,49.0,1,9,11.1,14,25,56.0,117,5.7,1.8,1.8,0.1,6.9,,,,,,100
Chris Dobson,19,44,0,58,100,48.3,1,10,10.0,14,20,70.0,131,2.9,1.1,1.6,0.2,6.9,,,,,,100
Abdallah Sheikheldin,19,22,0,56,100,32.2,10,50,20.0,10,13,76.9,132,3.9,3.1,1.3,0.0,6.9,,,,,,100
Azam Coward,19,35,0,53,100,33.8,9,57,15.8,17,40,42.5,132,6.0,0.5,1.3,0.1,6.9,,,,,,100
Chris Custodio,9,1,0,27,77,35.1,5,28,17.9,2,2,100.0,61,2.9,0.2,0.8,0.2,6.8,,,,,,100
Axel Iraduha,5,12,1,17,50,34.0,0,4,0.0,0,8,0.0,34,10.0,3.6,1.4,0.0,6.8,,,,,,100
Kiran Jayabalan,14,23,0,39,89,43.8,8,27,29.6,13,19,68.4,95,3.4,0.4,0.7,0.1,6.8,,,,,,100
Riley Smith,13,21,2,37,99,37.4,1,10,10.0,23,18,127.8,88,5.3,0.7,0.4,0.4,6.8,,,,,,100
Josiah Uminga,16,26,0,41,100,28.5,15,59,25.4,10,31,32.3,107,3.3,1.9,1.8,0.2,6.7,,,,,,100
David Carter,18,15,0,48,100,35.0,23,76,30.3,20,28,71.4,120,2.7,1.2,1.0,0.3,6.7,,,,,,100
Matt Thomas,17,21,1,42,92,45.7,23,56,41.1,7,13,53.8,114,5.6,4.1,1.3,0.4,6.7,,,,,,100
Kyle Palmer,11,28,4,32,100,31.7,4,31,12.9,7,15,46.7,74,4.3,1.9,0.9,0.0,6.7,,,,,,100
Justin Couture,16,32,1,42,87,48.3,16,40,40.0,7,13,53.8,107,1.8,0.9,0.3,0.1,6.7,,,,,,100
Bryan Enns,17,19,0,48,100,43.2,8,18,44.4,11,23,47.8,113,10.3,1.4,0.8,0.4,6.6,,,,,,100
Alex Harnett,14,31,0,45,100,42.5,1,10,10.0,16,26,61.5,93,3.9,0.9,0.1,0.5,6.6,,,,,,100
Jack Steiman,10,9,1,27,64,42.2,10,28,35.7,2,7,28.6,66,2.0,0.3,0.5,0.1,6.6,,,,,,100
Tristan Small,7,5,0,18,58,31.0,7,39,17.9,3,9,33.3,46,4.0,0.7,0.9,0.1,6.6,,,,,,100
Dylan Jaculak,15,17,0,41,100,32.0,14,62,22.6,3,6,50.0,99,5.9,1.7,0.9,0.7,6.6,,,,,,100
Tyler Linklater,11,14,0,31,100,27.7,3,36,8.3,8,16,50.0,73,6.4,1.9,1.2,0.4,6.6,,,,,,100
Duot Tor,15,27,1,43,95,45.3,9,30,30.0,4,13,30.8,99,4.5,0.5,1.1,0.3,6.6,,,,,,100
Andrew Langford,5,6,1,16,42,38.1,0,5,0.0,1,7,14.3,33,7.8,3.0,1.0,0.2,6.6,,,,,,100
Caleb Dorrington,17,12,0,50,100,41.3,4,23,17.4,8,15,53.3,112,7.9,1.5,0.8,0.4,6.6,,,,,,100
Khalil Coward,16,36,0,40,100,37.7,2,8,25.0,25,47,53.2,106,5.4,0.6,0.6,0.1,6.6,,,,,,100
Lucas Wollmann,18,26,0,43,100,29.9,22,75,29.3,10,19,52.6,118,3.7,1.6,1.2,0.1,6.6,,,,,,100
Carter Hildebrand,16,32,1,41,100,34.7,10,35,28.6,10,19,52.6,104,3.9,2.0,0.9,0.1,6.5,,,,,,100
Jonathan Salunga,22,37,1,57,100,31.5,22,85,25.9,8,22,36.4,144,4.1,1.5,1.0,0.1,6.5,,,,,,100
Drew Dobinsky,11,25,0,28,65,43.1,9,28,32.1,7,16,43.8,72,4.5,0.7,1.3,0.5,6.5,,,,,,100
Emmanuel Olugbodi,17,26,0,55,100,48.2,0,1,0.0,5,19,26.3,111,9.2,1.2,1.5,0.9,6.5,,,,,,100
Ketan Bansal,2,4,0,6,12,50.0,1,1,100.0,0,2,0.0,13,3.0,0.0,1.0,0.5,6.5,,,,,,100
Sam Oguntola,20,33,1,57,100,42.9,7,36,19.4,9,29,31.0,130,7.7,0.7,1.2,2.4,6.5,,,,,,100
Jordan Lavallee,2,1,0,6,15,40.0,1,7,14.3,0,0,0.0,13,2.0,0.0,0.5,0.0,6.5,,,,,,100
Paul Belanger,2,3,0,6,8,75.0,0,0,0.0,1,4,25.0,13,5.5,1.0,0.5,0.0,6.5,,,,,,100
Max Ojala,2,4,0,5,11,45.5,0,3,0.0,3,6,50.0,13,3.0,0.5,1.0,0.5,6.5,,,,,,100
Thomas Sengiyumva,2,1,0,6,19,31.6,1,2,50.0,0,2,0.0,13,6.5,0.5,0.5,0.5,6.5,,,,,,100
Delf Gravert,16,22,0,46,100,40.4,1,8,12.5,10,21,47.6,103,5.1,0.4,0.9,0.5,6.4,,,,,,100
Isaiah Deguzman,13,12,0,33,91,36.3,12,45,26.7,5,9,55.6,83,4.2,2.0,0.5,0.0,6.4,,,,,,100
Ryan Hawley,27,32,0,59,100,39.3,54,137,39.4,1,1,100.0,172,1.5,1.0,0.3,0.1,6.4,,,,,,100
Dylan Gray,15,27,1,41,100,29.5,5,33,15.2,9,20,45.0,96,5.0,0.9,1.3,0.5,6.4,,,,,,100
Gavin Stevenson,22,19,0,51,100,32.5,22,80,27.5,16,32,50.0,140,4.2,0.9,0.8,0.3,6.4,,,,,,100
