Player,GP,FT,FGM,FGA,FG%,3PM,3PA,3P%,FTM,FTA,FT%,DREB,OREB,AST,STL,TO,BLK,PTS,RPG,APG,SPG,BPG,EFF,PPR,Extra_0
Zak Dembele,2,1,0,34,68,50.0,4,20,20.0,10,11,90.9,17,3,2,9,4,1,82,10.0,1.0,4.5,0.5,41.0,37.5
Parminder Mangat,18,42,0,240,493,48.7,61,144,42.4,50,60,83.3,125,35,57,32,43,7,592,8.9,3.2,1.8,0.4,32.9,30.1
Chris Benevides,5,11,1,68,118,57.6,12,29,41.4,10,12,83.3,22,5,34,16,13,0,158,5.4,6.8,3.2,0.0,31.6,34.0
Emmanuel Ugbah,1,1,0,10,23,43.5,5,12,41.7,5,7,71.4,4,1,1,4,1,1,30,5.0,1.0,4.0,1.0,30.0,25.0
Don Dayrit,18,23,0,189,413,45.8,82,218,37.6,64,74,86.5,67,17,65,56,46,8,525,4.7,3.6,3.1,0.4,29.2,25.4
Victor Bell,13,45,0,157,338,46.4,26,89,29.2,30,62,48.4,128,38,39,29,32,8,370,12.8,3.0,2.2,0.6,28.5,28.2
Dior Walker,1,0,0,11,22,50.0,0,2,0.0,6,15,40.0,11,5,2,0,8,0,28,16.0,2.0,0.0,0.0,28.0,18.0
Marcus Foreman,6,9,0,66,153,43.1,16,49,32.7,18,30,60.0,56,14,13,3,15,9,166,11.7,2.2,0.5,1.5,27.7,24.5
Geilon Betances,17,27,0,177,433,40.9,54,178,30.3,57,85,67.1,115,72,38,38,38,9,465,11.0,2.2,2.2,0.5,27.4,24.4
Jesse Bardaje,3,2,0,28,48,58.3,20,34,58.8,6,7,85.7,12,2,7,4,7,3,82,4.7,2.3,1.3,1.0,27.3,27.3
Ricardo Villeda,1,1,0,10,20,50.0,1,6,16.7,5,5,100.0,11,0,3,2,4,0,26,11.0,3.0,2.0,0.0,26.0,28.0
Joseph Ponce-Medrano,17,21,1,166,327,50.8,57,125,45.6,38,47,80.9,107,12,44,25,39,4,431,7.0,2.6,1.5,0.2,25.4,24.4
Ryan Wiebe,14,13,1,110,316,34.8,45,172,26.2,77,102,75.5,155,33,45,18,24,4,346,13.4,3.2,1.3,0.3,24.7,24.7
Kevlin Asiedu,3,10,0,30,63,47.6,5,19,26.3,8,19,42.1,29,12,14,10,13,1,73,13.7,4.7,3.3,0.3,24.3,27.3
Dharmpal Brar,17,11,0,155,301,51.5,78,165,47.3,23,31,74.2,131,30,42,20,26,1,411,9.5,2.5,1.2,0.1,24.2,26.8
Rashawn Browne,19,23,2,159,339,46.9,90,212,42.5,51,73,69.9,98,10,150,21,68,2,459,5.7,7.9,1.1,0.1,24.2,24.7
Samuel Bereketab,38,62,0,344,799,43.1,169,484,34.9,63,86,73.3,142,53,105,70,113,15,917,5.1,2.8,1.8,0.4,24.1,18.7
Chisom Njelita,1,4,1,9,16,56.3,4,10,40.0,2,4,50.0,9,1,1,3,6,1,24,10.0,1.0,3.0,1.0,24.0,24.0
Dakota Martin,37,26,0,408,771,52.9,5,23,21.7,57,84,67.9,260,151,34,27,74,10,880,11.1,0.9,0.7,0.3,23.8,24.3
Dax Monhnaez,10,9,0,95,232,40.9,24,85,28.2,21,30,70.0,23,15,29,10,33,0,235,3.8,2.9,1.0,0.0,23.5,13.3
Elliot Unger,15,11,0,146,325,44.9,24,79,30.4,34,48,70.8,129,65,51,17,32,30,352,12.9,3.4,1.1,2.0,23.5,27.9
Micah Willms,18,36,4,137,394,34.8,52,205,25.4,98,158,62.0,74,28,62,43,63,4,423,5.7,3.4,2.4,0.2,23.5,14.1
Caleb McIntosh (Robert),10,17,0,89,192,46.4,35,94,37.2,17,24,70.8,75,30,24,10,13,4,232,10.5,2.4,1.0,0.4,23.2,25.2
Brett Carter,16,17,0,155,351,44.2,12,65,18.5,43,71,60.6,107,54,28,20,48,0,368,10.1,1.8,1.3,0.0,23.0,19.1
Aaron Woo,15,24,1,127,356,35.7,41,153,26.8,48,75,64.0,89,10,28,28,31,5,343,6.6,1.9,1.9,0.3,22.9,14.4
Jaired Garing,19,32,0,166,422,39.3,54,185,29.2,46,64,71.9,130,42,125,54,64,4,432,9.1,6.6,2.8,0.2,22.7,23.6
David King,36,50,3,295,635,46.5,53,216,24.5,168,228,73.7,320,82,119,49,76,11,811,11.2,3.3,1.4,0.3,22.5,25.4
Kamil Tynski,4,4,0,33,74,44.6,16,41,39.0,10,11,90.9,10,8,2,5,6,2,90,4.5,0.5,1.3,0.5,22.5,17.3
Mahmoud Sesay,16,19,0,151,334,45.2,21,102,20.6,37,50,74.0,125,38,64,57,31,17,360,10.2,4.0,3.6,1.1,22.5,27.1
Joash Rocaberte,28,34,0,239,529,45.2,93,280,33.2,55,81,67.9,109,54,70,92,75,7,626,5.8,2.5,3.3,0.3,22.4,20.3
Edge Capuno,10,25,0,90,207,43.5,19,61,31.1,23,37,62.2,59,24,38,43,32,0,223,8.3,3.8,4.3,0.0,22.3,22.4
Orion Remoquillo,4,0,0,33,53,62.3,17,31,54.8,6,8,75.0,2,3,9,12,5,0,89,1.3,2.3,3.0,0.0,22.3,22.0
Parker Hamlin,7,6,1,59,146,40.4,19,70,27.1,14,24,58.3,34,10,16,16,13,1,152,6.3,2.3,2.3,0.1,21.7,17.0
Matt Gillis,13,12,0,117,236,49.6,17,40,42.5,29,54,53.7,90,37,31,14,25,4,279,9.8,2.4,1.1,0.3,21.5,22.0
Eric Garcia,15,4,0,112,290,38.6,50,164,30.5,48,84,57.1,47,21,39,21,34,2,322,4.5,2.6,1.4,0.1,21.5,13.6
Joshua Fast,18,28,0,152,326,46.6,56,142,39.4,23,30,76.7,79,14,53,24,36,2,383,5.2,2.9,1.3,0.1,21.3,18.8
Cyril Indome,15,17,1,108,280,38.6,51,141,36.2,50,66,75.8,87,53,51,18,43,4,317,9.3,3.4,1.2,0.3,21.1,19.9
Abdalla Hakim,61,30,0,510,1038,49.1,181,482,37.6,85,112,75.9,315,185,214,168,137,54,1286,8.2,3.5,2.8,0.9,21.1,25.1
Peter Lomuro,10,6,0,80,194,41.2,22,67,32.8,30,50,60.0,39,15,23,12,24,1,210,5.4,2.3,1.2,0.1,21.0,14.2
Xander Small,1,5,0,7,22,31.8,2,12,16.7,3,7,42.9,11,5,5,0,2,0,21,16.0,5.0,0.0,0.0,21.0,21.0
Sam Jensen,5,2,0,40,84,47.6,16,47,34.0,9,10,90.0,16,4,22,11,7,1,105,4.0,4.4,2.2,0.2,21.0,21.4
Sonny Sylvester,10,4,0,76,184,41.3,40,119,33.6,17,21,81.0,38,15,33,12,14,0,209,5.3,3.3,1.2,0.0,20.9,18.1
Esteban Gomez,11,30,5,79,213,37.1,44,140,31.4,24,34,70.6,80,9,37,36,17,1,226,8.1,3.4,3.3,0.1,20.5,20.7
Julean Garcia,18,52,0,156,319,48.9,7,33,21.2,50,93,53.8,105,61,30,44,33,3,367,9.2,1.7,2.4,0.2,20.4,20.6
Jonathan Kuz,18,16,0,142,377,37.7,35,112,31.3,47,72,65.3,64,15,38,20,24,1,365,4.4,2.1,1.1,0.1,20.3,12.2
Ashton Dior,3,6,0,21,55,38.2,1,8,12.5,18,29,62.1,24,12,5,3,28,1,61,12.0,1.7,1.0,0.3,20.3,11.0
Jon Wilner,19,28,2,162,361,44.9,21,95,22.1,39,58,67.2,84,34,71,20,31,4,384,6.2,3.7,1.1,0.2,20.2,18.3
Nash Matias,17,17,1,128,384,33.3,44,177,24.9,42,64,65.6,49,22,32,18,23,3,342,4.2,1.9,1.1,0.2,20.1,9.7
Easton Apostle,16,29,0,124,298,41.6,63,185,34.1,7,13,53.8,66,15,22,30,21,16,319,5.1,1.4,1.9,1.0,19.9,16.7
Gee-ef Nkwonta,18,18,0,151,385,39.2,33,125,26.4,21,31,67.7,66,19,65,41,34,6,356,4.7,3.6,2.3,0.3,19.8,15.3
Liam Collier,13,30,0,105,274,38.3,11,50,22.0,35,55,63.6,123,50,44,28,29,4,256,13.3,3.4,2.2,0.3,19.7,22.1
Julian Burtniak,14,21,1,113,205,55.1,6,25,24.0,41,78,52.6,131,40,12,19,25,9,273,12.2,0.9,1.4,0.6,19.5,23.6
Kellen Woo,19,12,0,145,357,40.6,64,149,43.0,12,20,60.0,45,9,22,18,38,0,366,2.8,1.2,0.9,0.0,19.3,10.6
Daniel Kilmartin,34,58,0,270,491,55.0,39,116,33.6,74,107,69.2,209,117,104,69,79,30,653,9.6,3.1,2.0,0.9,19.2,25.0
Luke Cardinal,6,10,0,41,105,39.0,15,45,33.3,18,20,90.0,50,8,14,10,9,5,115,9.7,2.3,1.7,0.8,19.2,21.2
Jonar Huertas,10,11,0,75,159,47.2,16,40,40.0,25,28,89.3,40,19,27,23,18,2,191,5.9,2.7,2.3,0.2,19.1,19.7
Ashton Laping,18,17,0,137,405,33.8,38,159,23.9,31,53,58.5,80,31,40,51,28,2,343,6.2,2.2,2.8,0.1,19.1,12.7
Nathan Carabatsakis,1,0,0,8,16,50.0,1,2,50.0,2,5,40.0,6,4,1,2,2,0,19,10.0,1.0,2.0,0.0,19.0,19.0
Brett Preun,5,6,0,37,77,48.1,5,15,33.3,16,21,76.2,23,14,4,4,14,2,95,7.4,0.8,0.8,0.4,19.0,16.6
Joshua Van Walleghem,12,12,0,100,172,58.1,7,16,43.8,20,34,58.8,56,29,19,11,22,0,227,7.1,1.6,0.9,0.0,18.9,19.5
Amarjit Basi,11,17,1,83,187,44.4,29,76,38.2,12,16,75.0,49,8,47,17,20,7,207,5.2,4.3,1.5,0.6,18.8,18.8
Dustin Lavallee,18,23,0,117,349,33.5,61,205,29.8,41,58,70.7,124,20,72,30,56,3,334,8.0,4.0,1.7,0.2,18.6,15.4
Christopher Gatchalian,17,23,0,109,315,34.6,54,181,29.8,44,80,55.0,71,24,30,37,26,1,316,5.6,1.8,2.2,0.1,18.6,12.4
Trevonne Julian,13,34,1,95,231,41.1,39,112,34.8,12,26,46.2,125,26,29,21,34,5,240,11.6,2.2,1.6,0.4,18.5,20.2
Mohammad Tobail,19,31,2,127,377,33.7,43,155,27.7,54,81,66.7,98,15,44,31,48,1,351,5.9,2.3,1.6,0.1,18.5,11.3
Keiran Zziwa,2,1,0,14,29,48.3,8,19,42.1,1,4,25.0,6,2,5,4,3,0,37,4.0,2.5,2.0,0.0,18.5,16.5
Alden Sansano,23,15,0,156,395,39.5,63,202,31.2,48,68,70.6,114,16,42,24,44,1,423,5.7,1.8,1.0,0.0,18.4,13.8
Joseph Pascual,16,41,0,124,202,61.4,3,6,50.0,46,69,66.7,59,52,49,49,52,3,295,6.9,3.1,3.1,0.2,18.4,22.1
Ben Wilson,12,8,0,97,233,41.6,16,76,21.1,8,13,61.5,77,28,44,6,41,3,218,8.8,3.7,0.5,0.3,18.2,16.2
Jay Kesson,20,40,5,154,343,44.9,14,45,31.1,39,57,68.4,166,35,44,23,61,4,360,10.1,2.2,1.2,0.2,18.0,18.2
Mehr Rakhshani,9,5,0,54,155,34.8,38,123,30.9,16,29,55.2,41,9,19,9,19,2,162,5.6,2.1,1.0,0.2,18.0,12.1
Anuna Ojwato,1,1,0,6,19,31.6,0,0,0.0,6,8,75.0,9,4,3,1,3,0,18,13.0,3.0,1.0,0.0,18.0,17.0
Jamar Farley,8,10,1,52,151,34.4,31,106,29.2,8,16,50.0,59,0,27,15,21,1,143,7.4,3.4,1.9,0.1,17.9,14.6
Dallas Richard,13,23,0,98,190,51.6,7,28,25.0,28,35,80.0,72,24,20,7,36,7,231,7.4,1.5,0.5,0.5,17.8,17.4
Bartosh  Kaminski,13,25,2,100,209,47.8,15,63,23.8,16,36,44.4,77,11,26,23,24,3,232,6.8,2.0,1.8,0.2,17.8,16.8
Kevin Camara,19,24,0,125,337,37.1,37,128,28.9,49,70,70.0,163,45,28,53,51,33,336,10.9,1.5,2.8,1.7,17.7,19.7
Joshua Bagaza,9,7,3,59,120,49.2,26,77,33.8,14,20,70.0,29,21,7,20,4,6,159,5.6,0.8,2.2,0.7,17.7,19.0
German Manzano Jr,18,19,0,110,309,35.6,69,202,34.2,27,35,77.1,107,17,43,15,63,1,316,6.9,2.4,0.8,0.1,17.6,12.7
Jayel Masangkay,11,19,3,74,187,39.6,19,72,26.4,29,34,85.3,26,6,15,9,5,1,194,2.9,1.4,0.8,0.1,17.6,11.6
Hayden Nellis,17,45,2,109,268,40.7,8,33,24.2,70,114,61.4,136,113,82,22,39,10,296,14.6,4.8,1.3,0.6,17.4,24.5
Matthew Garrett,20,26,1,142,321,44.2,23,93,24.7,41,105,39.0,150,86,6,17,38,19,348,11.8,0.3,0.9,1.0,17.4,17.3
Aaron Sackey,19,38,0,128,290,44.1,41,125,32.8,29,44,65.9,140,44,59,32,42,26,326,9.7,3.1,1.7,1.4,17.2,21.5
Rashid Abdualgadir,20,37,0,134,336,39.9,51,185,27.6,25,39,64.1,87,22,43,24,48,7,344,5.5,2.2,1.2,0.4,17.2,13.2
Kelly Saunders,17,27,0,110,347,31.7,51,197,25.9,22,44,50.0,69,28,22,22,42,1,293,5.7,1.3,1.3,0.1,17.2,7.9
Belal Lahl,11,15,0,77,179,43.0,25,73,34.2,8,20,40.0,40,15,20,19,31,3,187,5.0,1.8,1.7,0.3,17.0,12.6
Christian Cruz,1,0,0,7,11,63.6,3,6,50.0,0,0,0.0,0,0,1,0,0,0,17,0.0,1.0,0.0,0.0,17.0,14.0
Edgerren Capuno,1,1,0,8,15,53.3,0,4,0.0,1,1,100.0,1,1,1,1,0,0,17,2.0,1.0,1.0,0.0,17.0,14.0
Wyatt Tait,14,13,0,102,212,48.1,17,66,25.8,15,36,41.7,125,35,28,20,33,28,236,11.4,2.0,1.4,2.0,16.9,22.0
David Lado,13,16,0,91,225,40.4,30,92,32.6,8,12,66.7,73,30,38,19,33,8,220,7.9,2.9,1.5,0.6,16.9,16.7
Mark Capucion,14,20,0,78,167,46.7,62,136,45.6,17,21,81.0,51,2,54,17,27,1,235,3.8,3.9,1.2,0.1,16.8,17.1
Gia Hoa Luu,23,20,1,144,485,29.7,58,216,26.9,38,63,60.3,69,28,68,62,81,2,384,4.2,3.0,2.7,0.1,16.7,7.2
Jean Paul Ngabo,22,41,0,130,398,32.7,78,252,31.0,21,29,72.4,170,44,38,52,65,2,360,9.7,1.7,2.4,0.1,16.4,14.8
Ryan Velasco,18,17,0,113,286,39.5,31,101,30.7,40,61,65.6,89,16,31,56,23,2,295,5.8,1.7,3.1,0.1,16.4,15.1
Adare Ochan,11,14,0,69,167,41.3,36,114,31.6,4,14,28.6,27,14,10,19,14,7,180,3.7,0.9,1.7,0.6,16.4,12.3
Ryan Rycroft,20,25,0,118,241,49.0,88,188,46.8,4,6,66.7,93,24,46,34,22,9,327,5.9,2.3,1.7,0.5,16.4,19.3
Kurius Lathlin,16,30,1,114,232,49.1,8,53,15.1,27,46,58.7,69,32,92,21,59,3,263,6.3,5.8,1.3,0.2,16.4,17.8
Stephen Olivier-Job,25,24,3,162,457,35.4,55,205,26.8,32,57,56.1,121,25,62,45,53,5,411,5.8,2.5,1.8,0.2,16.4,11.8
Ben Gardner,6,5,0,33,83,39.8,7,28,25.0,4,8,50.0,32,11,12,13,17,1,98,7.2,2.0,2.2,0.2,16.3,16.0
Paul Muns,17,23,0,106,274,38.7,46,160,28.8,16,20,80.0,82,27,21,10,22,5,274,6.4,1.2,0.6,0.3,16.1,13.2
Sherwin Vasallo,3,2,0,16,57,28.1,10,38,26.3,6,7,85.7,20,9,22,4,5,0,48,9.7,7.3,1.3,0.0,16.0,18.7
Mac Paterson,1,0,0,8,19,42.1,0,3,0.0,0,3,0.0,8,5,1,2,4,1,16,13.0,1.0,2.0,1.0,16.0,15.0
Taven Vigilance,2,1,0,13,31,41.9,5,15,33.3,1,2,50.0,6,4,6,9,4,1,32,5.0,3.0,4.5,0.5,16.0,17.5
Erik Schrofel,13,11,0,89,189,47.1,4,16,25.0,26,45,57.8,105,64,24,7,16,11,208,13.0,1.8,0.5,0.8,16.0,21.8
Rhovic Curatcha,12,7,0,73,169,43.2,21,76,27.6,25,32,78.1,28,8,37,24,19,0,191,3.0,3.1,2.0,0.0,15.9,13.8
Bosko Zorcic,18,24,0,98,252,38.9,43,126,34.1,48,68,70.6,54,27,33,10,35,4,287,4.5,1.8,0.6,0.2,15.9,11.4
Jherome Delos Reyes,9,14,0,53,141,37.6,27,86,31.4,10,17,58.8,39,4,17,17,11,1,143,4.8,1.9,1.9,0.1,15.9,12.8
Daniel Pereira,21,53,2,126,425,29.6,54,221,24.4,27,51,52.9,95,16,36,29,45,16,333,5.3,1.7,1.4,0.8,15.9,7.5
Riley Hughes,15,18,1,87,299,29.1,26,99,26.3,37,68,54.4,140,51,27,11,26,3,237,12.7,1.8,0.7,0.2,15.8,13.3
Yaechan Son,12,14,0,71,166,42.8,40,96,41.7,4,6,66.7,38,15,23,14,11,2,186,4.4,1.9,1.2,0.2,15.5,14.2
Jeremy Patterson,17,20,0,84,257,32.7,41,116,35.3,54,74,73.0,76,36,46,47,42,4,263,6.6,2.7,2.8,0.2,15.5,13.9
Henri Dos Santos,13,17,2,86,183,47.0,4,22,18.2,19,30,63.3,45,19,15,6,18,6,202,4.9,1.2,0.5,0.5,15.5,12.8
Brendon Murray,5,8,0,34,72,47.2,9,21,42.9,1,4,25.0,42,26,5,2,11,2,77,13.6,1.0,0.4,0.4,15.4,20.4
Kniel Francis Sullera,15,19,0,91,224,40.6,30,95,31.6,17,23,73.9,77,24,45,24,23,11,229,6.7,3.0,1.6,0.7,15.3,16.5
Izaiah Maple-Stevens,22,10,0,129,326,39.6,39,138,28.3,40,55,72.7,93,24,61,20,38,4,336,5.3,2.8,0.9,0.2,15.3,13.1
Ben Miller,3,6,0,16,40,40.0,6,24,25.0,8,10,80.0,19,8,10,6,7,7,46,9.0,3.3,2.0,2.3,15.3,21.0
Jesse Roy-Fisher,18,10,3,98,324,30.2,66,226,29.2,12,15,80.0,101,14,54,26,50,3,274,6.4,3.0,1.4,0.2,15.2,10.7
Kalvin Mendez,8,6,0,46,146,31.5,24,86,27.9,5,7,71.4,14,9,21,11,12,0,121,2.9,2.6,1.4,0.0,15.1,7.8
Lance Catipon,10,15,0,65,154,42.2,8,35,22.9,13,23,56.5,27,15,15,12,14,5,151,4.2,1.5,1.2,0.5,15.1,11.2
Colin Ralko,1,5,0,6,11,54.5,0,4,0.0,3,4,75.0,3,1,5,0,1,0,15,4.0,5.0,0.0,0.0,15.0,17.0
Derian Castaneda,13,30,1,78,190,41.1,21,85,24.7,18,28,64.3,92,20,50,46,29,6,195,8.6,3.8,3.5,0.5,15.0,19.8
Daniel Ramlal,12,13,0,78,165,47.3,6,28,21.4,18,28,64.3,25,16,24,24,17,1,180,3.4,2.0,2.0,0.1,15.0,13.0
Jalen Millan,33,43,2,188,422,44.5,56,166,33.7,59,77,76.6,123,32,60,42,51,0,492,4.7,1.8,1.3,0.0,14.9,13.5
Ankit Raturi,16,36,1,85,228,37.3,25,79,31.6,44,83,53.0,90,37,58,23,30,1,238,7.9,3.6,1.4,0.1,14.9,14.7
Binh Nguyen,13,26,0,71,207,34.3,41,134,30.6,11,19,57.9,77,8,42,23,38,3,194,6.5,3.2,1.8,0.2,14.9,12.7
Kevin Vince,18,32,0,110,294,37.4,26,92,28.3,22,31,71.0,74,49,17,15,21,10,268,6.8,0.9,0.8,0.6,14.9,12.2
Serge Buisse,13,21,0,82,210,39.0,15,40,37.5,14,29,48.3,60,24,14,13,26,3,193,6.5,1.1,1.0,0.2,14.8,10.6
Danny McCullough,16,23,0,86,199,43.2,26,87,29.9,35,52,67.3,71,32,18,15,25,5,236,6.4,1.1,0.9,0.3,14.8,13.9
Seth McKenzie,14,26,3,74,202,36.6,42,129,32.6,15,20,75.0,89,7,29,8,17,3,207,6.9,2.1,0.6,0.2,14.8,13.8
Patrick Quevedo,9,15,0,50,131,38.2,27,79,34.2,6,7,85.7,29,7,13,18,16,2,133,4.0,1.4,2.0,0.2,14.8,11.6
Chris Byrnes,14,11,0,73,189,38.6,36,113,31.9,24,39,61.5,61,10,33,20,13,2,207,5.1,2.4,1.4,0.1,14.8,13.5
Ben Anderson,17,15,0,113,236,47.9,9,58,15.5,16,34,47.1,162,54,49,17,38,17,251,12.7,2.9,1.0,1.0,14.8,21.8
CeeJay Powell,6,8,0,37,96,38.5,11,36,30.6,3,11,27.3,22,20,17,22,22,0,88,7.0,2.8,3.7,0.0,14.7,13.3
Jordan Fotheringham,19,38,2,98,289,33.9,61,197,31.0,22,33,66.7,126,24,55,16,34,5,279,7.9,2.9,0.8,0.3,14.7,14.2
David Quang,15,33,0,75,185,40.5,52,111,46.8,18,24,75.0,58,19,38,17,30,1,220,5.1,2.5,1.1,0.1,14.7,13.8
Josh Petik,19,24,0,121,250,48.4,0,4,0.0,36,56,64.3,102,57,44,24,44,14,277,8.4,2.3,1.3,0.7,14.6,17.1
Nick Doerksen,19,38,1,105,331,31.7,41,160,25.6,23,48,47.9,75,27,13,41,31,23,275,5.4,0.7,2.2,1.2,14.5,9.1
Jonam Kazadi,6,6,0,37,88,42.0,5,26,19.2,8,13,61.5,43,11,6,5,11,6,87,9.0,1.0,0.8,1.0,14.5,15.2
Amrit Basi,13,9,0,62,184,33.7,53,164,32.3,9,9,100.0,63,10,43,11,17,2,188,5.6,3.3,0.8,0.2,14.5,13.7
Matthew Medina,35,32,1,179,442,40.5,82,231,35.5,67,84,79.8,115,13,60,21,51,2,505,3.7,1.7,0.6,0.1,14.4,11.0
Mike Hebert,11,17,1,63,113,55.8,5,15,33.3,27,54,50.0,104,32,40,20,31,40,158,12.4,3.6,1.8,3.6,14.4,26.0
EJ Hernandez,9,9,0,47,138,34.1,22,75,29.3,14,24,58.3,22,8,9,9,18,1,130,3.3,1.0,1.0,0.1,14.4,6.7
Malik Irwin,6,16,1,34,74,45.9,10,33,30.3,8,9,88.9,48,9,25,12,27,0,86,9.5,4.2,2.0,0.0,14.3,18.7
Samuel Sola,24,34,1,129,358,36.0,52,188,27.7,30,43,69.8,79,33,24,41,40,6,342,4.7,1.0,1.7,0.3,14.3,10.1
Kieran Buchberger,20,13,0,116,297,39.1,22,83,26.5,32,55,58.2,95,56,28,45,41,17,286,7.6,1.4,2.3,0.9,14.3,14.1
Jacky Pham,23,42,2,144,278,51.8,5,28,17.9,35,76,46.1,133,114,34,78,29,11,328,10.7,1.5,3.4,0.5,14.3,21.5
Tarik Tokar,19,22,0,92,207,44.4,16,67,23.9,69,98,70.4,143,31,81,33,44,14,269,9.2,4.3,1.7,0.7,14.2,20.2
Kirubel Tsegaye,17,21,2,102,200,51.0,14,61,23.0,24,33,72.7,41,19,30,15,27,2,242,3.5,1.8,0.9,0.1,14.2,12.6
Owen Dimaano,20,25,2,114,252,45.2,40,117,34.2,15,16,93.8,77,30,22,15,14,29,283,5.4,1.1,0.8,1.5,14.2,15.2
RJ Millan,22,16,0,122,270,45.2,38,109,34.9,33,54,61.1,65,14,50,21,35,3,312,3.6,2.3,1.0,0.1,14.2,11.9
Bret Draper,16,28,0,86,299,28.8,33,168,19.6,20,37,54.1,59,22,10,17,46,3,225,5.1,0.6,1.1,0.2,14.1,3.8
Jaiden Venturini,17,12,0,92,254,36.2,38,145,26.2,16,21,76.2,61,14,21,6,34,1,240,4.4,1.2,0.4,0.1,14.1,8.4
Brett Jewell,17,13,0,109,168,64.9,4,9,44.4,16,35,45.7,117,83,41,15,21,4,238,11.8,2.4,0.9,0.2,14.0,23.5
Rhys DeGrave,15,30,1,97,201,48.3,0,4,0.0,16,45,35.6,153,91,24,10,19,23,210,16.3,1.6,0.7,1.5,14.0,23.9
Ray Tarca,9,8,0,49,117,41.9,13,49,26.5,14,21,66.7,23,8,21,11,20,0,125,3.4,2.3,1.2,0.0,13.9,10.3
Cyril Urbiztondo,19,25,0,103,301,34.2,35,120,29.2,23,49,46.9,89,23,53,28,41,9,264,5.9,2.8,1.5,0.5,13.9,10.6
Nick Zutz,12,9,0,80,142,56.3,0,0,0.0,5,14,35.7,50,35,8,6,26,9,165,7.1,0.7,0.5,0.8,13.8,14.7
Dylan Salvisberg,18,17,1,109,191,57.1,4,19,21.1,26,42,61.9,98,24,19,14,19,1,248,6.8,1.1,0.8,0.1,13.8,15.9
Matt Welby,19,32,0,117,220,53.2,7,24,29.2,21,33,63.6,108,53,33,17,52,10,263,8.5,1.7,0.9,0.5,13.8,16.7
Isaac Onyeacholem,12,18,1,75,174,43.1,13,49,26.5,3,13,23.1,104,52,17,23,32,7,166,13.0,1.4,1.9,0.6,13.8,19.0
Jahmar Bartholomew,12,13,0,64,152,42.1,19,82,23.2,18,22,81.8,30,29,68,25,23,4,164,4.9,5.7,2.1,0.3,13.7,17.1
Jurwin Garcia,12,8,0,68,154,44.2,14,57,24.6,13,21,61.9,29,6,21,15,24,0,163,2.9,1.8,1.3,0.0,13.6,9.7
Nick Fletcher,32,41,2,143,361,39.6,73,205,35.6,73,93,78.5,109,24,114,35,71,8,436,4.2,3.6,1.1,0.3,13.6,13.0
Joseph Osiname,17,29,2,84,264,31.8,36,146,24.7,29,51,56.9,122,23,75,54,57,12,232,8.5,4.4,3.2,0.7,13.6,15.2
Stephen Ralko,19,23,1,96,200,48.0,50,115,43.5,17,26,65.4,91,18,80,27,28,3,259,5.7,4.2,1.4,0.2,13.6,17.7
Lamar Mombo,14,24,0,82,154,53.2,12,39,30.8,15,21,71.4,56,37,18,12,19,3,191,6.6,1.3,0.9,0.2,13.6,15.7
Angelo Torno,10,4,0,53,140,37.9,12,33,36.4,19,32,59.4,75,20,10,8,25,4,134,9.5,1.0,0.8,0.4,13.4,12.6
Nolan Gooding,14,20,3,60,168,35.7,33,102,32.4,30,53,56.6,84,15,59,31,16,3,185,7.1,4.2,2.2,0.2,13.2,16.4
Richard Ramos,14,23,1,64,154,41.6,24,62,38.7,33,53,62.3,58,7,39,29,40,0,185,4.6,2.8,2.1,0.0,13.2,12.0
Conner Courtney,18,22,0,87,264,33.0,41,148,27.7,22,31,71.0,36,17,24,15,35,5,238,2.9,1.3,0.8,0.3,13.2,6.3
Justin Titchousky-Bucknell,15,20,1,73,230,31.7,39,133,29.3,12,17,70.6,65,21,13,18,18,3,197,5.7,0.9,1.2,0.2,13.1,9.1
Erik Folkerts,19,27,0,105,207,50.7,12,51,23.5,27,39,69.2,72,29,34,12,38,6,249,5.3,1.8,0.6,0.3,13.1,13.2
Myron Dean,14,19,2,86,180,47.8,1,9,11.1,11,39,28.2,69,47,19,18,31,18,184,8.3,1.4,1.3,1.3,13.1,14.4
Skylar Cooper,17,12,0,88,268,32.8,44,161,27.3,2,8,25.0,80,22,41,26,24,2,222,6.0,2.4,1.5,0.1,13.1,10.8
Inderdeep Singh,17,10,0,81,260,31.2,42,153,27.5,17,22,77.3,82,22,43,26,35,7,221,6.1,2.5,1.5,0.4,13.0,10.7
Patrick Jordan,7,3,0,40,79,50.6,1,2,50.0,10,16,62.5,25,21,17,5,7,10,91,6.6,2.4,0.7,1.4,13.0,16.7
Jake MacDonald,12,13,0,63,167,37.7,11,56,19.6,20,35,57.1,28,15,19,9,31,2,156,3.6,1.6,0.8,0.2,13.0,6.6
Brian Moniz,9,10,0,42,96,43.8,24,61,39.3,9,10,90.0,18,8,52,15,30,0,117,2.9,5.8,1.7,0.0,13.0,13.9
TJ Capuno,11,17,1,53,149,35.6,19,66,28.8,18,33,54.5,48,16,29,21,19,2,143,5.8,2.6,1.9,0.2,13.0,11.7
Manny Skead,2,4,0,10,22,45.5,3,9,33.3,5,7,71.4,12,1,6,1,8,1,26,6.5,3.0,0.5,0.5,13.0,12.5
Shawn Maranan,1,0,0,5,10,50.0,2,6,33.3,1,1,100.0,2,1,4,3,2,0,13,3.0,4.0,3.0,0.0,13.0,16.0
Dikan Gjuric,23,39,0,122,344,35.5,28,102,27.5,23,48,47.9,88,79,44,32,36,8,296,7.3,1.9,1.4,0.3,12.9,11.5
Tyson Jensen,16,12,0,81,211,38.4,16,76,21.1,19,35,54.3,101,14,34,23,24,4,204,7.2,2.1,1.4,0.3,12.8,13.1
Dillon Zado,13,35,0,68,160,42.5,16,64,25.0,15,23,65.2,71,13,23,24,21,6,167,6.5,1.8,1.8,0.5,12.8,14.1
Nic Blandford,17,31,0,85,282,30.1,12,58,20.7,33,90,36.7,98,52,24,30,32,1,216,8.8,1.4,1.8,0.1,12.7,7.9
Sehaj Jawanda,11,24,0,54,151,35.8,22,80,27.5,9,13,69.2,45,11,27,13,40,4,140,5.1,2.5,1.2,0.4,12.7,9.0
Denzel Soliven,19,24,2,93,229,40.6,38,111,34.2,16,25,64.0,45,16,51,28,27,3,240,3.2,2.7,1.5,0.2,12.6,11.1
Adam Hildebrandt,16,31,0,75,180,41.7,2,22,9.1,30,32,93.8,60,52,31,34,42,2,202,7.0,1.9,2.1,0.1,12.6,14.5
Dustin Robson-Flatt,11,28,0,56,139,40.3,15,46,32.6,12,21,57.1,43,25,26,16,16,0,139,6.2,2.4,1.5,0.0,12.6,12.8
Tyrell Lerat,5,15,2,23,65,35.4,5,18,27.8,12,17,70.6,28,16,14,10,4,0,63,8.8,2.8,2.0,0.0,12.6,16.0
Devin Kinch,2,4,0,10,19,52.6,4,11,36.4,1,2,50.0,4,4,3,6,3,1,25,4.0,1.5,3.0,0.5,12.5,15.0
Ogo Okwumabua,15,24,1,71,155,45.8,4,16,25.0,39,57,68.4,53,24,27,20,24,14,187,5.1,1.8,1.3,0.9,12.5,13.3
Tiernan Marshall,8,1,0,35,86,40.7,26,70,37.1,3,3,100.0,46,6,23,4,14,3,100,6.5,2.9,0.5,0.4,12.5,14.6
Robert Mableson,16,14,0,95,171,55.6,1,1,100.0,8,11,72.7,61,39,34,17,31,3,199,6.3,2.1,1.1,0.2,12.4,15.2
Alec Bernier,5,6,0,24,89,27.0,8,37,21.6,6,10,60.0,24,8,9,7,10,3,62,6.4,1.8,1.4,0.6,12.4,6.8
Brett Finch-Field,13,28,1,54,173,31.2,25,85,29.4,27,35,77.1,44,15,23,16,30,2,161,4.5,1.8,1.2,0.2,12.4,8.0
Steven Williamson,14,24,6,63,164,38.4,15,66,22.7,31,49,63.3,74,16,24,4,28,2,173,6.4,1.7,0.3,0.1,12.4,10.4
Kyle Queijo,20,16,0,91,250,36.4,58,168,34.5,6,7,85.7,81,12,51,14,25,3,246,4.7,2.6,0.7,0.2,12.3,11.1
Spencer McNabb,15,10,0,70,181,38.7,28,78,35.9,16,24,66.7,54,28,10,15,17,2,184,5.5,0.7,1.0,0.1,12.3,10.5
Andrew Park,16,38,0,80,201,39.8,4,33,12.1,31,57,54.4,122,36,57,21,53,2,195,9.9,3.6,1.3,0.1,12.2,14.6
Josiah Uminga,15,25,2,70,207,33.8,31,109,28.4,8,18,44.4,52,16,29,21,28,7,181,4.5,1.9,1.4,0.5,12.1,8.7
Zachary Rose,14,16,0,76,146,52.1,0,4,0.0,17,24,70.8,98,32,22,13,17,10,169,9.3,1.6,0.9,0.7,12.1,17.9
Greg Kuz Jr,18,29,0,84,232,36.2,31,101,30.7,19,30,63.3,144,20,53,33,37,5,218,9.1,2.9,1.8,0.3,12.1,15.4
Aken Akeen,18,18,0,95,217,43.8,9,37,24.3,18,30,60.0,129,44,20,6,25,19,217,9.6,1.1,0.3,1.1,12.1,15.3
Jason Malcolm,9,10,0,44,116,37.9,18,68,26.5,3,6,50.0,48,12,18,22,14,1,109,6.7,2.0,2.4,0.1,12.1,13.4
Raj Sidhu,2,1,0,10,36,27.8,2,11,18.2,2,2,100.0,11,4,8,3,1,0,24,7.5,4.0,1.5,0.0,12.0,11.5
Filip Karamanov,1,2,0,5,16,31.3,2,8,25.0,0,0,0.0,9,2,2,0,0,0,12,11.0,2.0,0.0,0.0,12.0,14.0
Partap Hothi,30,64,3,129,356,36.2,82,227,36.1,20,34,58.8,154,15,62,22,47,16,360,5.6,2.1,0.7,0.5,12.0,11.4
David Dizon,5,12,0,26,79,32.9,3,26,11.5,5,10,50.0,19,11,7,10,14,6,60,6.0,1.4,2.0,1.2,12.0,8.2
Richard Milbourne,1,2,0,4,10,40.0,2,6,33.3,2,4,50.0,4,1,1,1,0,0,12,5.0,1.0,1.0,0.0,12.0,11.0
Drian Ramos,2,4,0,10,23,43.5,2,7,28.6,1,2,50.0,8,7,3,1,3,0,24,7.5,1.5,0.5,0.0,12.0,13.0
Davis Kos-Whicher,10,13,0,44,88,50.0,5,13,38.5,21,26,80.8,72,35,21,9,7,3,120,10.7,2.1,0.9,0.3,12.0,20.4
Elvis Music,16,13,0,80,205,39.0,12,42,28.6,20,35,57.1,92,22,17,34,47,10,192,7.1,1.1,2.1,0.6,12.0,11.3
Allan Palmer,20,34,0,84,241,34.9,69,207,33.3,2,6,33.3,88,20,32,15,25,2,239,5.4,1.6,0.8,0.1,12.0,10.5
Michael Uzonna,1,2,1,5,16,31.3,1,6,16.7,1,2,50.0,0,3,2,7,3,0,12,3.0,2.0,7.0,0.0,12.0,9.0
Matthew Dyck,27,27,0,125,309,40.5,47,154,30.5,26,39,66.7,141,19,143,69,44,5,325,5.9,5.3,2.6,0.2,12.0,17.1
Kevin “Need Last Name”,1,1,0,6,15,40.0,0,1,0.0,0,0,0.0,2,2,1,0,3,1,12,4.0,1.0,0.0,1.0,12.0,6.0
Vivek Dhillon,7,6,0,34,83,41.0,14,38,36.8,1,2,50.0,27,11,9,7,5,0,83,5.4,1.3,1.0,0.0,11.9,11.7
Logan Brinson,11,11,1,45,162,27.8,16,74,21.6,25,51,49.0,58,29,20,18,47,0,131,7.9,1.8,1.6,0.0,11.9,6.0
Andrew Ladesma,11,6,0,45,126,35.7,41,107,38.3,0,2,0.0,36,2,32,13,21,0,131,3.5,2.9,1.2,0.0,11.9,10.0
Mitch Reschke,19,15,0,96,236,40.7,26,99,26.3,10,25,40.0,120,28,40,26,47,3,226,7.8,2.1,1.4,0.2,11.9,12.7
Kristian Teschner,12,10,0,58,170,34.1,17,62,27.4,9,12,75.0,46,21,27,13,17,8,142,5.6,2.3,1.1,0.7,11.8,10.4
Kuch Akeen,29,38,0,139,342,40.6,45,159,28.3,17,33,51.5,129,59,54,35,69,5,343,6.5,1.9,1.2,0.2,11.8,11.6
Andrei Sansano,31,55,2,141,323,43.7,44,143,30.8,38,46,82.6,124,32,76,47,19,4,367,5.0,2.5,1.5,0.1,11.8,14.2
Aiden Pinga,18,20,0,73,225,32.4,24,104,23.1,42,72,58.3,44,26,27,24,21,0,212,3.9,1.5,1.3,0.0,11.8,7.2
Allan Turner,16,20,0,85,238,35.7,0,2,0.0,19,55,34.5,99,77,12,20,17,12,189,11.0,0.8,1.3,0.8,11.8,12.7
Trudon Bofoya,12,19,0,65,117,55.6,0,2,0.0,10,20,50.0,49,53,12,8,3,5,140,8.5,1.0,0.7,0.4,11.7,16.8
Brendon Paukovic,11,18,0,55,135,40.7,4,19,21.1,15,30,50.0,68,37,25,20,37,3,129,9.5,2.3,1.8,0.3,11.7,13.6
Kurtis Hyatt,16,23,0,73,201,36.3,33,128,25.8,7,15,46.7,53,22,27,34,25,2,186,4.7,1.7,2.1,0.1,11.6,10.2
Will Bergmann,16,29,0,74,182,40.7,19,57,33.3,19,29,65.5,77,15,25,4,18,8,186,5.8,1.6,0.3,0.5,11.6,11.2
Alex Ogaranko,9,7,0,37,119,31.1,13,52,25.0,15,26,57.7,20,10,17,6,19,2,104,3.3,1.9,0.7,0.2,11.6,5.2
Chris Dyck,9,5,0,41,111,36.9,10,42,23.8,12,19,63.2,33,16,17,6,14,5,104,5.4,1.9,0.7,0.6,11.6,10.0
Jackson Gilmore,32,41,0,173,353,49.0,0,8,0.0,22,77,28.6,236,201,30,26,64,32,369,13.7,0.9,0.8,1.0,11.5,18.6
Inderdeep Brar,2,3,0,9,13,69.2,3,6,50.0,2,3,66.7,13,1,2,0,3,1,23,7.0,1.0,0.0,0.5,11.5,16.0
Caleb MacDonald,22,43,1,117,247,47.4,1,17,5.9,18,45,40.0,155,89,33,24,29,56,253,11.1,1.5,1.1,2.5,11.5,19.3
Robert Kilmartin,22,29,0,96,245,39.2,24,93,25.8,36,52,69.2,99,38,55,27,38,8,252,6.2,2.5,1.2,0.4,11.5,12.5
Xavier Smith,16,24,0,78,160,48.8,7,23,30.4,21,32,65.6,58,36,43,26,16,6,184,5.9,2.7,1.6,0.4,11.5,15.3
Hungyuan Chu,22,20,0,91,268,34.0,21,112,18.8,47,108,43.5,50,14,54,18,46,1,250,2.9,2.5,0.8,0.0,11.4,4.7
Dredan Turner,14,23,0,67,217,30.9,21,89,23.6,2,4,50.0,27,15,6,4,32,5,159,3.0,0.4,0.3,0.4,11.4,2.3
Taye Frazer,7,5,1,31,75,41.3,5,21,23.8,13,22,59.1,29,9,15,7,16,0,80,5.4,2.1,1.0,0.0,11.4,10.1
Daniel Trommelen,21,45,0,88,267,33.0,24,86,27.9,41,63,65.1,184,48,82,27,69,2,240,11.0,3.9,1.3,0.1,11.4,14.9
Nick Miller,15,16,0,66,174,37.9,26,80,32.5,13,20,65.0,62,32,31,37,24,9,171,6.3,2.1,2.5,0.6,11.4,13.5
Willie Jefferson,5,11,0,25,57,43.9,1,2,50.0,6,15,40.0,28,22,6,5,8,3,57,10.0,1.2,1.0,0.6,11.4,14.4
Aiden Walker,7,13,0,30,64,46.9,16,34,47.1,3,4,75.0,28,9,10,10,13,2,79,5.3,1.4,1.4,0.3,11.3,12.9
Isaiah Deguzman,12,7,0,54,130,41.5,18,59,30.5,9,12,75.0,35,13,29,17,13,1,135,4.0,2.4,1.4,0.1,11.3,11.5
Joshua Stolar,18,22,1,86,187,46.0,1,9,11.1,30,45,66.7,134,72,37,13,33,3,203,11.4,2.1,0.7,0.2,11.3,17.4
Gabriel Marlatt,4,2,0,17,49,34.7,3,14,21.4,8,17,47.1,12,7,3,4,9,0,45,4.8,0.8,1.0,0.0,11.3,5.3
Teagan Wollbaum,17,14,0,79,216,36.6,17,68,25.0,16,35,45.7,61,25,20,22,44,7,191,5.1,1.2,1.3,0.4,11.2,7.4
Andrew Willms,17,32,5,65,179,36.3,10,36,27.8,50,83,60.2,89,62,23,13,38,10,190,8.9,1.4,0.8,0.6,11.2,11.9
Hongwei Liu,17,13,0,86,184,46.7,14,57,24.6,5,11,45.5,13,20,19,13,21,0,191,1.9,1.1,0.8,0.0,11.2,7.7
Awot Btseamlak,22,33,0,91,248,36.7,60,185,32.4,5,10,50.0,80,10,50,26,46,6,247,4.1,2.3,1.2,0.3,11.2,9.6
Chris Demauleon-Bartolay,12,16,0,47,130,36.2,24,75,32.0,16,23,69.6,52,10,14,8,6,0,134,5.2,1.2,0.7,0.0,11.2,10.2
Carl Carmona,14,26,0,65,152,42.8,7,22,31.8,18,25,72.0,75,47,42,21,31,1,155,8.7,3.0,1.5,0.1,11.1,15.4
Kieran McGrath,1,1,0,4,7,57.1,0,2,0.0,3,4,75.0,2,2,0,1,1,0,11,4.0,0.0,1.0,0.0,11.0,11.0
Gurvir Mangat,19,8,0,91,226,40.3,19,79,24.1,8,15,53.3,33,23,19,18,30,10,209,2.9,1.0,0.9,0.5,11.0,7.4
Robel Hailegebreal,11,18,1,48,138,34.8,14,56,25.0,10,17,58.8,34,9,10,4,22,2,121,3.9,0.9,0.4,0.2,11.0,5.5
Ethan Iwanusiw,1,2,0,4,7,57.1,0,2,0.0,3,4,75.0,5,0,4,1,3,0,11,5.0,4.0,1.0,0.0,11.0,14.0
Michael Osikoya,3,1,0,14,28,50.0,5,13,38.5,0,2,0.0,2,1,1,0,2,0,33,1.0,0.3,0.0,0.0,11.0,6.3
Varinder Brar,17,6,0,75,206,36.4,27,103,26.2,9,21,42.9,83,17,59,10,31,0,186,5.9,3.5,0.6,0.0,10.9,10.6
Tanner Smith,27,41,0,128,281,45.6,0,2,0.0,39,90,43.3,268,92,54,49,65,64,293,13.3,2.0,1.8,2.4,10.9,20.4
Jordan Ankrah,6,10,0,30,59,50.8,4,9,44.4,1,2,50.0,12,15,5,5,7,1,65,4.5,0.8,0.8,0.2,10.8,11.0
Lamont Everd,4,7,0,16,48,33.3,3,15,20.0,8,10,80.0,21,8,21,13,7,0,43,7.3,5.3,3.3,0.0,10.8,16.3
William Benson,17,18,0,76,198,38.4,22,83,26.5,8,19,42.1,147,67,22,29,43,18,183,12.6,1.3,1.7,1.1,10.8,17.1
Adrian Dela Pena,15,14,0,70,136,51.5,10,32,31.3,12,23,52.2,26,24,27,23,25,1,162,3.3,1.8,1.5,0.1,10.8,10.7
Kuet Kuet,4,3,0,14,53,26.4,2,16,12.5,13,18,72.2,20,5,6,3,13,1,43,6.3,1.5,0.8,0.3,10.8,5.3
Cade Vezeau,5,3,0,23,48,47.9,4,14,28.6,4,5,80.0,18,4,3,5,7,0,54,4.4,0.6,1.0,0.0,10.8,10.2
Kevin Oliver,14,16,2,58,167,34.7,19,81,23.5,16,30,53.3,105,33,34,32,29,8,151,9.9,2.4,2.3,0.6,10.8,15.1
Jarrel Garcia,19,18,0,79,220,35.9,36,133,27.1,7,15,46.7,61,24,22,20,25,4,203,4.5,1.2,1.1,0.2,10.7,8.4
Nathan Stern,21,31,0,94,279,33.7,24,107,22.4,13,39,33.3,65,20,60,57,62,0,224,4.0,2.9,2.7,0.0,10.7,7.3
Brian Triminio,22,21,0,105,311,33.8,9,57,15.8,17,33,51.5,124,65,20,24,55,17,236,8.6,0.9,1.1,0.8,10.7,9.5
Amadis McKay Nodarse,13,25,0,58,142,40.8,14,54,25.9,7,24,29.2,32,8,39,14,29,1,138,3.1,3.0,1.1,0.1,10.6,7.8
Alex Maher,19,54,1,72,256,28.1,53,183,29.0,6,11,54.5,140,8,54,26,56,4,201,7.8,2.8,1.4,0.2,10.6,9.9
Nathan Leitao,18,12,1,66,222,29.7,53,194,27.3,4,6,66.7,39,24,37,5,21,2,189,3.5,2.1,0.3,0.1,10.5,6.5
Gobindkarn Toor,6,5,0,28,50,56.0,5,14,35.7,2,3,66.7,24,14,4,5,1,0,63,6.3,0.7,0.8,0.0,10.5,14.3
Eric Dupuis,17,26,0,77,225,34.2,4,61,6.6,21,56,37.5,83,21,26,23,45,6,179,6.1,1.5,1.4,0.4,10.5,6.5
Christian Lozano,12,10,0,47,125,37.6,23,63,36.5,9,14,64.3,39,16,20,28,25,0,126,4.6,1.7,2.3,0.0,10.5,10.1
Jason Wegner,21,14,1,90,233,38.6,37,103,35.9,2,3,66.7,83,29,19,13,21,1,219,5.3,0.9,0.6,0.0,10.4,9.5
Abdi Amin,19,33,0,79,206,38.3,30,88,34.1,9,24,37.5,121,56,9,18,32,31,197,9.3,0.5,0.9,1.6,10.4,13.6
Tyler Kohut,16,33,0,69,156,44.2,1,12,8.3,27,47,57.4,54,36,50,12,38,2,166,5.6,3.1,0.8,0.1,10.4,10.9
Nelson Flaten,7,11,0,33,60,55.0,1,4,25.0,6,16,37.5,27,14,8,1,11,2,73,5.9,1.1,0.1,0.3,10.4,11.0
Roan Van Eerd,9,6,0,34,85,40.0,9,39,23.1,16,24,66.7,55,17,30,10,11,6,93,8.0,3.3,1.1,0.7,10.3,15.7
Carson Cabredo,15,22,1,61,198,30.8,14,52,26.9,18,32,56.3,27,11,42,23,24,0,154,2.5,2.8,1.5,0.0,10.3,5.5
Philip Swart,19,26,0,89,164,54.3,2,4,50.0,15,29,51.7,174,61,50,17,34,10,195,12.4,2.6,0.9,0.5,10.3,20.2
Logan Schreyer,20,20,0,83,199,41.7,2,8,25.0,40,55,72.7,104,66,22,25,33,30,205,8.5,1.1,1.3,1.5,10.3,14.4
Trevor Godfrey,42,25,0,149,415,35.9,129,348,37.1,6,9,66.7,150,16,95,12,88,3,433,4.0,2.3,0.3,0.1,10.3,8.4
Muhammad Tariq,19,38,0,88,165,53.3,2,6,33.3,17,44,38.6,138,55,21,21,28,3,195,10.2,1.1,1.1,0.2,10.3,15.8
Jaden Holmes,14,10,0,55,146,37.7,15,45,33.3,19,25,76.0,40,10,19,18,41,4,144,3.6,1.4,1.3,0.3,10.3,6.9
Gareth Hammond,3,1,0,13,31,41.9,3,9,33.3,2,9,22.2,12,6,10,6,7,3,31,6.0,3.3,2.0,1.0,10.3,12.0
David Oshilaja,20,22,0,91,200,45.5,9,52,17.3,13,35,37.1,77,52,3,5,17,10,204,6.5,0.2,0.3,0.5,10.2,10.2
Jack Courchaine,20,31,0,77,263,29.3,34,138,24.6,16,39,41.0,81,33,24,19,38,17,204,5.7,1.2,1.0,0.9,10.2,6.6
Raghav Sharma,7,10,0,25,69,36.2,14,38,36.8,6,8,75.0,10,5,2,8,12,1,71,2.1,0.3,1.1,0.1,10.1,5.6
Justin Oldfield,35,28,0,147,321,45.8,28,96,29.2,31,42,73.8,115,32,64,36,54,3,353,4.2,1.8,1.0,0.1,10.1,10.4
Justin Baldwin,1,2,0,5,18,27.8,0,1,0.0,0,2,0.0,6,6,1,1,1,0,10,12.0,1.0,1.0,0.0,10.0,8.0
Luke Penner,18,25,0,64,247,25.9,38,165,23.0,14,28,50.0,33,6,14,27,25,6,180,2.2,0.8,1.5,0.3,10.0,2.4
Zachary Van Walleghem,20,37,0,79,197,40.1,23,74,31.1,18,27,66.7,79,8,28,16,37,0,199,4.4,1.4,0.8,0.0,10.0,8.3
Carlin Doak,17,17,0,72,150,48.0,9,37,24.3,15,27,55.6,66,9,30,28,39,0,170,4.4,1.8,1.6,0.0,10.0,10.2
Nico Morrow-Litke,5,14,0,23,56,41.1,0,2,0.0,6,20,30.0,28,23,11,10,13,0,50,10.2,2.2,2.0,0.0,10.0,12.4
Terence Murdock,17,20,1,69,181,38.1,23,55,41.8,7,10,70.0,17,8,15,10,37,2,168,1.5,0.9,0.6,0.1,9.9,4.0
Parth Saul,14,16,0,52,149,34.9,34,104,32.7,1,6,16.7,43,18,16,16,10,1,139,4.4,1.1,1.1,0.1,9.9,8.6
Devin Antymniuk,17,19,1,74,164,45.1,9,28,32.1,11,24,45.8,101,49,41,11,14,7,168,8.8,2.4,0.6,0.4,9.9,15.3
Ali Ahmed,19,23,2,62,176,35.2,51,146,34.9,11,12,91.7,82,10,57,13,27,2,186,4.8,3.0,0.7,0.1,9.8,10.9
Markus Minarik,12,26,0,50,130,38.5,0,2,0.0,15,27,55.6,56,50,13,8,21,5,117,8.8,1.1,0.7,0.4,9.8,11.3
Braedon Speer,19,32,1,79,178,44.4,3,14,21.4,23,43,53.5,111,54,22,19,25,14,184,8.7,1.2,1.0,0.7,9.7,13.7
Sam Haworth,3,3,0,12,35,34.3,4,19,21.1,1,2,50.0,12,4,3,6,7,1,29,5.3,1.0,2.0,0.3,9.7,8.0
Josh Sleva,3,1,0,13,38,34.2,2,9,22.2,1,2,50.0,11,9,4,2,4,0,29,6.7,1.3,0.7,0.0,9.7,8.3
Chace Moroz,12,25,2,42,130,32.3,24,89,27.0,8,12,66.7,49,12,36,12,15,4,116,5.1,3.0,1.0,0.3,9.7,10.2
Gary McIntosh,14,10,2,58,137,42.3,15,35,42.9,3,8,37.5,24,21,29,10,21,1,134,3.2,2.1,0.7,0.1,9.6,8.1
Jesse Gates,31,17,0,120,304,39.5,42,127,33.1,12,17,70.6,121,28,70,40,53,7,296,4.8,2.3,1.3,0.2,9.5,10.3
Matthew Campbell,10,8,0,37,106,34.9,15,55,27.3,4,13,30.8,44,6,12,8,6,2,95,5.0,1.2,0.8,0.2,9.5,8.3
Kenyi Kubari,2,5,0,8,31,25.8,2,8,25.0,1,2,50.0,8,7,7,4,8,2,19,7.5,3.5,2.0,1.0,9.5,7.5
Aeron Balbin,17,15,0,69,167,41.3,16,64,25.0,10,22,45.5,46,23,29,13,29,1,162,4.1,1.7,0.8,0.1,9.5,7.9
Evan Abram,17,24,0,56,201,27.9,38,137,27.7,9,16,56.3,97,21,22,13,15,2,159,6.9,1.3,0.8,0.1,9.4,8.6
Mig Dayao,17,24,0,60,200,30.0,23,95,24.2,15,30,50.0,98,30,27,32,25,4,159,7.5,1.6,1.9,0.2,9.4,10.0
Christian Pascua,12,20,0,50,147,34.0,7,40,17.5,4,11,36.4,23,10,14,17,35,1,111,2.8,1.2,1.4,0.1,9.3,3.1
Bryce McDonald,34,55,0,136,368,37.0,19,81,23.5,24,35,68.6,140,42,89,34,66,11,315,5.4,2.6,1.0,0.3,9.3,9.5
Mark Aguirre,20,33,1,83,184,45.1,8,22,36.4,11,15,73.3,60,12,47,17,27,1,185,3.6,2.4,0.9,0.1,9.3,9.5
Paul Luzige,9,6,0,29,92,31.5,19,66,28.8,5,8,62.5,20,11,14,7,9,0,84,3.4,1.6,0.8,0.0,9.3,6.8
Harold Memita,10,10,0,37,91,40.7,15,57,26.3,4,6,66.7,29,3,23,9,25,0,93,3.2,2.3,0.9,0.0,9.3,7.6
Liam Shedden,11,9,1,41,131,31.3,3,23,13.0,17,23,73.9,40,38,8,9,21,1,102,7.1,0.7,0.8,0.1,9.3,7.4
Logan Kraus,6,2,0,23,51,45.1,9,25,36.0,1,4,25.0,38,10,11,9,2,13,56,8.0,1.8,1.5,2.2,9.3,17.3
Geromy Monte,17,27,0,57,188,30.3,18,100,18.0,24,45,53.3,79,37,40,27,9,9,156,6.8,2.4,1.6,0.5,9.2,11.0
Mosab Ahmed,13,18,0,54,125,43.2,5,33,15.2,6,10,60.0,51,29,31,13,18,7,119,6.2,2.4,1.0,0.5,9.2,12.1
Jesse Kasper,18,29,3,63,201,31.3,13,66,19.7,26,55,47.3,61,22,44,22,71,1,165,4.6,2.4,1.2,0.1,9.2,4.3
Param Gill,9,13,0,33,106,31.1,6,35,17.1,11,17,64.7,42,15,15,9,17,2,83,6.3,1.7,1.0,0.2,9.2,7.8
Alex Cavallin,14,12,0,54,159,34.0,7,35,20.0,14,21,66.7,46,20,6,10,13,1,129,4.7,0.4,0.7,0.1,9.2,6.2
Liam Patrick,20,20,0,75,132,56.8,3,9,33.3,29,70,41.4,130,96,26,23,36,8,182,11.3,1.3,1.2,0.4,9.1,16.6
Justin Lange,33,60,0,122,300,40.7,29,123,23.6,26,51,51.0,153,53,68,27,52,2,299,6.2,2.1,0.8,0.1,9.1,10.5
Tarndeep Gosal,11,7,0,38,100,38.0,24,71,33.8,0,4,0.0,33,9,12,6,8,0,100,3.8,1.1,0.5,0.0,9.1,7.8
Brandan Gates,1,0,0,3,8,37.5,3,5,60.0,0,0,0.0,3,1,0,0,0,0,9,4.0,0.0,0.0,0.0,9.0,8.0
Raynald Manuel,14,13,0,48,142,33.8,26,93,28.0,4,10,40.0,38,10,14,14,5,0,126,3.4,1.0,1.0,0.0,9.0,6.9
Izzy Atienza,1,0,0,4,9,44.4,1,4,25.0,0,0,0.0,0,0,1,2,1,0,9,0.0,1.0,2.0,0.0,9.0,6.0
Daniel Langeneau,8,20,2,28,71,39.4,5,11,45.5,11,19,57.9,31,16,11,18,16,2,72,5.9,1.4,2.3,0.3,9.0,10.4
Ryan Anderson,13,11,0,38,99,38.4,25,65,38.5,2,7,28.6,38,9,20,13,16,3,117,3.6,1.5,1.0,0.2,9.0,9.1
Liam Sharkey,2,1,0,8,24,33.3,0,1,0.0,2,4,50.0,13,9,3,3,3,2,18,11.0,1.5,1.5,1.0,9.0,13.5
Denzel Dawal,1,1,0,4,10,40.0,1,3,33.3,0,0,0.0,3,1,0,2,2,0,9,4.0,0.0,2.0,0.0,9.0,7.0
Albert Villagomez,2,1,0,7,15,46.7,4,9,44.4,0,0,0.0,9,1,12,2,2,0,18,5.0,6.0,1.0,0.0,9.0,16.0
Riley Werner,22,23,0,74,202,36.6,25,104,24.0,26,51,51.0,60,52,11,4,23,7,199,5.1,0.5,0.2,0.3,9.0,7.1
Justin Garcia,37,90,1,141,356,39.6,0,20,0.0,54,100,54.0,298,135,72,44,57,16,334,11.7,1.9,1.2,0.4,9.0,15.7
Suk Singh,2,3,0,7,15,46.7,4,9,44.4,0,0,0.0,11,1,9,1,5,0,18,6.0,4.5,0.5,0.0,9.0,13.5
Ruidi Shi,18,26,0,61,142,43.0,36,95,37.9,2,7,28.6,57,26,39,14,29,3,160,4.6,2.2,0.8,0.2,8.9,10.2
George Loewen,20,59,0,80,182,44.0,1,6,16.7,14,30,46.7,82,42,9,22,31,5,177,6.2,0.5,1.1,0.3,8.9,9.4
Mark Gilchrist,8,5,0,33,90,36.7,1,9,11.1,4,6,66.7,62,28,20,14,21,5,71,11.3,2.5,1.8,0.6,8.9,15.0
Eric Thompson,12,6,0,46,134,34.3,8,42,19.0,7,9,77.8,70,27,26,16,19,0,107,8.1,2.2,1.3,0.0,8.9,11.4
Ezra Leano,15,26,0,58,130,44.6,6,20,30.0,11,16,68.8,102,27,18,6,8,14,133,8.6,1.2,0.4,0.9,8.9,14.3
Justin Duff,16,23,1,66,130,50.8,0,3,0.0,9,34,26.5,160,76,30,17,27,29,141,14.8,1.9,1.1,1.8,8.8,21.1
Colin Laplante,16,30,2,53,149,35.6,19,69,27.5,14,28,50.0,67,12,40,8,17,6,140,4.9,2.5,0.5,0.4,8.8,9.1
Meher Deol,15,21,0,59,151,39.1,8,38,21.1,8,13,61.5,63,17,31,17,25,1,132,5.3,2.1,1.1,0.1,8.8,9.3
Ben Githieya,12,21,0,48,94,51.1,3,13,23.1,7,12,58.3,53,28,7,6,24,0,106,6.8,0.6,0.5,0.0,8.8,10.4
Jonathan Salunga,34,52,4,118,311,37.9,32,130,24.6,27,62,43.5,94,30,49,40,56,8,295,3.6,1.4,1.2,0.2,8.7,6.8
Joachim LaRiviere,18,22,1,62,147,42.2,6,24,25.0,26,54,48.1,67,29,21,14,18,2,157,5.3,1.2,0.8,0.1,8.7,8.8
Emmanuel Vugampore,13,22,0,42,154,27.3,15,64,23.4,14,23,60.9,33,16,9,6,14,3,113,3.8,0.7,0.5,0.2,8.7,3.5
Runyu Liu,16,19,0,49,156,31.4,40,125,32.0,1,5,20.0,51,8,12,7,11,1,139,3.7,0.8,0.4,0.1,8.7,6.0
Oshay Torres,19,22,0,61,258,23.6,11,81,13.6,30,79,38.0,52,28,19,39,39,6,163,4.2,1.0,2.1,0.3,8.6,1.2
Delf Gravert,19,24,0,69,204,33.8,9,41,22.0,17,30,56.7,107,61,16,7,37,6,164,8.8,0.8,0.4,0.3,8.6,9.3
Sean Close,16,13,3,42,123,34.1,25,83,30.1,13,19,68.4,56,6,38,10,20,8,137,3.9,2.4,0.6,0.5,8.6,9.3
Dom Merano,13,10,1,50,136,36.8,9,33,27.3,6,9,66.7,24,12,20,16,20,1,112,2.8,1.5,1.2,0.1,8.6,5.8
Tyson Prince,18,26,0,59,192,30.7,21,83,25.3,15,26,57.7,52,16,24,20,21,2,154,3.8,1.3,1.1,0.1,8.6,5.7
Mike Pawlyshyn,12,8,1,32,126,25.4,31,115,27.0,5,7,71.4,29,4,8,5,5,1,102,2.8,0.7,0.4,0.1,8.5,4.0
Bryton Zielke,11,28,0,40,110,36.4,5,28,17.9,8,16,50.0,67,20,18,15,14,8,93,7.9,1.6,1.4,0.7,8.5,11.7
Bami Olusakin,2,1,0,6,12,50.0,2,4,50.0,3,5,60.0,6,2,0,1,1,2,17,4.0,0.0,0.5,1.0,8.5,9.5
Akinola Akinremi,18,27,0,70,188,37.2,0,11,0.0,12,17,70.6,52,37,43,17,23,0,153,4.9,2.4,0.9,0.0,8.5,8.7
Patrick Schneider,21,37,0,82,173,47.4,2,10,20.0,13,40,32.5,165,89,17,16,39,14,179,12.1,0.8,0.8,0.7,8.5,15.4
Keenan Courchaine,8,8,0,30,69,43.5,2,17,11.8,5,14,35.7,28,15,3,16,13,10,67,5.4,0.4,2.0,1.3,8.4,9.8
Devin Campbell,18,25,0,61,209,29.2,23,108,21.3,7,14,50.0,43,22,27,17,30,1,152,3.6,1.5,0.9,0.1,8.4,4.3
Quinton Chambers,10,14,0,34,124,27.4,13,64,20.3,2,9,22.2,32,8,23,14,24,4,83,4.0,2.3,1.4,0.4,8.3,4.3
Dan Arjomandii,18,33,1,65,165,39.4,7,35,20.0,12,24,50.0,80,45,36,11,28,5,149,6.9,2.0,0.6,0.3,8.3,10.3
Bryan Enns,16,18,2,57,144,39.6,10,33,30.3,9,20,45.0,173,36,29,35,9,20,133,13.1,1.8,2.2,1.3,8.3,19.9
Steven Wong,17,22,0,60,152,39.5,3,13,23.1,18,37,48.6,78,39,28,10,28,5,141,6.9,1.6,0.6,0.3,8.3,9.5
Lance Del Mundo,17,18,1,57,197,28.9,22,85,25.9,3,8,37.5,73,15,34,19,20,2,139,5.2,2.0,1.1,0.1,8.2,6.9
Keven Barron,19,21,0,71,198,35.9,8,36,22.2,6,15,40.0,64,26,18,17,38,1,156,4.7,0.9,0.9,0.1,8.2,5.7
Jordan Jaskiewicz,29,28,0,97,244,39.8,30,101,29.7,12,23,52.2,138,66,33,21,24,7,237,7.0,1.1,0.7,0.2,8.2,11.0
Matthew Kaspick,20,36,0,62,210,29.5,27,123,22.0,12,20,60.0,76,46,16,22,28,3,163,6.1,0.8,1.1,0.2,8.2,7.1
Ethan Harms,15,27,0,47,162,29.0,16,51,31.4,12,25,48.0,84,41,22,19,25,7,122,8.3,1.5,1.3,0.5,8.1,9.5
Dylan Gray,17,21,0,52,136,38.2,10,36,27.8,24,42,57.1,49,22,13,11,11,1,138,4.2,0.8,0.6,0.1,8.1,7.1
Joe Proulx,20,45,1,54,201,26.9,43,170,25.3,5,7,71.4,122,8,28,41,33,14,159,6.5,1.4,2.1,0.7,8.0,9.5
Dharmjit Dhillon,1,3,0,3,11,27.3,0,3,0.0,2,2,100.0,5,1,2,0,1,1,8,6.0,2.0,0.0,1.0,8.0,8.0
Max Ojala,2,4,0,6,19,31.6,1,7,14.3,3,3,100.0,5,2,0,1,10,0,16,3.5,0.0,0.5,0.0,8.0,0.5
Settimo Yugu,1,1,0,3,8,37.5,0,3,0.0,2,2,100.0,0,0,0,2,1,0,8,0.0,0.0,2.0,0.0,8.0,4.0
Steven Koniuck,11,7,0,35,88,39.8,14,39,35.9,4,10,40.0,58,32,14,20,10,2,88,8.2,1.3,1.8,0.2,8.0,13.2
Sam Zaid,1,2,0,3,7,42.9,2,6,33.3,0,0,0.0,5,0,0,1,1,0,8,5.0,0.0,1.0,0.0,8.0,9.0
Tyrece Viner,3,5,0,11,20,55.0,1,3,33.3,1,7,14.3,13,11,2,0,4,1,24,8.0,0.7,0.0,0.3,8.0,10.7
Zach Caithness,1,0,0,3,9,33.3,2,7,28.6,0,0,0.0,1,0,1,3,0,0,8,1.0,1.0,3.0,0.0,8.0,7.0
Shazil Ghouri,1,1,0,3,7,42.9,2,5,40.0,0,0,0.0,3,0,0,1,0,0,8,3.0,0.0,1.0,0.0,8.0,8.0
Carter Butterfield,4,8,0,16,100,16.0,0,7,0.0,0,4,0.0,8,3,6,4,4,2,32,2.8,1.5,1.0,0.5,8.0,-9.3
Jordan Buenaventura,1,0,0,3,10,30.0,0,4,0.0,2,3,66.7,1,2,2,3,0,0,8,3.0,2.0,3.0,0.0,8.0,8.0
Odik Opap,19,26,1,57,162,35.2,29,90,32.2,9,12,75.0,48,20,14,11,24,3,152,3.6,0.7,0.6,0.2,8.0,6.1
Cj Bantug,12,15,0,41,124,33.1,8,48,16.7,6,17,35.3,64,15,24,14,24,8,96,6.6,2.0,1.2,0.7,8.0,8.6
Ryan Griffiths,10,19,0,31,67,46.3,0,6,0.0,18,24,75.0,34,25,6,14,6,3,80,5.9,0.6,1.4,0.3,8.0,11.4
Andrew Torbiak,1,0,0,4,11,36.4,0,2,0.0,0,5,0.0,6,1,1,2,4,2,8,7.0,1.0,2.0,2.0,8.0,4.0
Mike Collins,2,3,1,8,18,44.4,0,3,0.0,0,2,0.0,7,7,3,0,4,1,16,7.0,1.5,0.0,0.5,8.0,9.0
Victor Dos Santos,19,44,1,62,185,33.5,9,29,31.0,13,27,48.1,97,46,35,35,39,3,152,7.5,1.8,1.8,0.2,8.0,10.1
Gwyn Bernardo,22,36,1,69,193,35.8,20,74,27.0,13,21,61.9,87,37,28,14,36,8,173,5.6,1.3,0.6,0.4,7.9,8.1
Jesse Davidson,9,23,1,28,67,41.8,8,27,29.6,7,11,63.6,38,13,25,12,14,2,71,5.7,2.8,1.3,0.2,7.9,11.6
Adam Zaid,18,6,0,50,144,34.7,31,84,36.9,12,16,75.0,36,8,6,7,9,1,143,2.4,0.3,0.4,0.1,7.9,5.2
Jack Nott,16,20,2,56,168,33.3,9,60,15.0,4,13,30.8,38,17,30,12,29,2,124,3.4,1.9,0.8,0.1,7.8,4.6
Beruk Tadesse,16,22,0,45,128,35.2,29,89,32.6,6,11,54.5,40,19,19,19,21,3,125,3.7,1.2,1.2,0.2,7.8,7.3
Calvin Lorenzo,16,20,0,50,135,37.0,17,55,30.9,8,17,47.1,25,18,26,12,24,2,125,2.7,1.6,0.8,0.1,7.8,5.6
Joshua Cruz,17,5,0,47,146,32.2,37,120,30.8,1,4,25.0,17,4,11,8,15,1,132,1.2,0.6,0.5,0.1,7.8,3.3
Mitch Podworny,7,7,1,24,58,41.4,5,18,27.8,1,6,16.7,16,7,6,4,7,0,54,3.3,0.9,0.6,0.0,7.7,5.9
Henok Kidane,11,8,0,37,102,36.3,7,30,23.3,4,8,50.0,34,11,15,7,21,1,85,4.1,1.4,0.6,0.1,7.7,5.7
Chandeep Brar,15,12,0,43,131,32.8,29,91,31.9,2,2,100.0,23,3,10,8,14,1,116,1.7,0.7,0.5,0.1,7.7,3.9
Zechariah Alfonso,20,37,0,69,215,32.1,9,50,18.0,7,13,53.8,108,27,44,11,58,4,154,6.8,2.2,0.6,0.2,7.7,6.9
DeMar Kraus,12,14,0,36,95,37.9,15,61,24.6,5,10,50.0,36,10,19,12,25,0,92,3.8,1.6,1.0,0.0,7.7,6.7
Jacob Clendenan,12,17,0,37,114,32.5,15,63,23.8,3,4,75.0,45,10,21,19,23,0,92,4.6,1.8,1.6,0.0,7.7,7.2
Brayden Neufeld,17,39,3,49,109,45.0,5,8,62.5,28,46,60.9,85,80,18,17,17,6,131,9.7,1.1,1.0,0.4,7.7,14.2
Abdallah Sheikheldin,9,12,0,30,86,34.9,7,27,25.9,1,2,50.0,41,8,14,15,24,1,69,5.4,1.6,1.7,0.1,7.7,7.4
Tonio Ettienne,3,3,0,10,26,38.5,1,3,33.3,2,6,33.3,11,10,5,4,4,1,23,7.0,1.7,1.3,0.3,7.7,10.0
Andrew Caron,13,20,0,40,155,25.8,12,47,25.5,7,11,63.6,61,18,24,36,41,3,99,6.1,1.8,2.8,0.2,7.6,6.2
Damyan Hemans,11,23,0,35,86,40.7,2,9,22.2,12,22,54.5,51,36,15,11,21,8,84,7.9,1.4,1.0,0.7,7.6,11.2
Liam Tran,18,24,0,53,210,25.2,28,109,25.7,3,7,42.9,74,20,30,30,35,1,137,5.2,1.7,1.7,0.1,7.6,5.3
Aidan Maceachern,5,7,0,16,45,35.6,6,18,33.3,1,2,50.0,6,2,8,5,2,2,38,1.6,1.6,1.0,0.4,7.6,5.8
Ryan Croy,19,21,0,60,179,33.5,0,3,0.0,21,47,44.7,64,45,29,16,41,0,144,5.7,1.5,0.8,0.0,7.6,5.9
Luke Bergen,12,16,0,36,107,33.6,1,1,100.0,10,16,62.5,60,21,11,6,17,7,91,6.8,0.9,0.5,0.6,7.6,8.5
Jules Martens,10,19,0,31,47,66.0,1,4,25.0,13,24,54.2,46,21,23,5,9,4,76,6.7,2.3,0.5,0.4,7.6,13.9
Navneet Dandiala,8,17,0,27,77,35.1,1,16,6.3,5,10,50.0,31,27,6,4,5,8,60,7.3,0.8,0.5,1.0,7.5,9.5
Julian Lachuta,14,16,0,45,145,31.0,5,28,17.9,10,31,32.3,77,37,12,13,34,3,105,8.1,0.9,0.9,0.2,7.5,6.6
Zackery Coulson,2,0,0,5,8,62.5,5,6,83.3,0,0,0.0,3,0,2,0,0,0,15,1.5,1.0,0.0,0.0,7.5,8.5
David Muller,20,16,0,56,208,26.9,35,144,24.3,2,9,22.2,80,17,42,17,26,5,149,4.9,2.1,0.9,0.3,7.5,6.3
Jordan Hutsal,28,38,0,81,165,49.1,5,31,16.1,42,53,79.2,136,34,40,12,34,23,209,6.1,1.4,0.4,0.8,7.5,11.6
Carter Nott,11,13,0,30,76,39.5,10,34,29.4,10,25,40.0,50,8,22,12,13,1,82,5.3,2.0,1.1,0.1,7.5,9.2
Preetish Sharma,15,32,0,46,122,37.7,16,54,29.6,5,7,71.4,43,13,14,15,13,1,113,3.7,0.9,1.0,0.1,7.5,7.2
Chace Porter,15,13,0,48,143,33.6,12,48,25.0,5,14,35.7,34,15,30,8,41,2,113,3.3,2.0,0.5,0.1,7.5,3.8
Patrick Rukundo,13,33,0,41,113,36.3,11,31,35.5,6,18,33.3,54,30,18,25,33,1,98,6.5,1.4,1.9,0.1,7.5,8.4
Jesse Casey,11,26,0,29,101,28.7,13,45,28.9,12,17,70.6,53,16,8,6,16,2,83,6.3,0.7,0.5,0.2,7.5,6.8
Julian Schneider,19,36,0,60,185,32.4,11,66,16.7,11,31,35.5,97,76,17,21,45,6,142,9.1,0.9,1.1,0.3,7.5,8.9
Danny Urbina,39,59,2,110,314,35.0,26,98,26.5,40,60,66.7,105,48,60,57,83,15,288,3.9,1.5,1.5,0.4,7.4,6.8
Desai Langley,8,1,0,28,66,42.4,3,19,15.8,0,4,0.0,33,28,6,2,5,0,59,7.6,0.8,0.3,0.0,7.4,10.1
Liam Freeman,9,10,0,30,93,32.3,3,35,8.6,4,10,40.0,30,22,22,18,17,5,67,5.8,2.4,2.0,0.6,7.4,8.7
Mike Witt,17,8,0,46,121,38.0,32,92,34.8,2,3,66.7,36,2,8,6,18,0,126,2.2,0.5,0.4,0.0,7.4,4.9
Kobby Saint,30,38,1,101,226,44.7,9,48,18.8,11,19,57.9,225,63,57,26,38,2,222,9.6,1.9,0.9,0.1,7.4,14.1
Jonathan Wolfe,14,17,0,39,133,29.3,17,44,38.6,8,12,66.7,39,11,33,2,20,1,103,3.6,2.4,0.1,0.1,7.4,5.1
Patrick Gadsby,12,13,0,31,81,38.3,22,68,32.4,5,6,83.3,41,23,28,24,8,2,89,5.3,2.3,2.0,0.2,7.4,12.3
Sterling Swail,20,45,0,51,159,32.1,44,137,32.1,1,2,50.0,105,15,20,11,12,3,147,6.0,1.0,0.6,0.2,7.4,9.0
Anton Villafranca,11,8,0,37,71,52.1,0,2,0.0,7,9,77.8,14,6,5,7,12,4,81,1.8,0.5,0.6,0.4,7.4,6.3
Oliver Leslie,10,7,0,28,76,36.8,11,38,28.9,5,6,83.3,74,11,32,3,19,7,73,8.5,3.2,0.3,0.7,7.3,13.2
Milutin Hajin,15,15,0,46,130,35.4,9,37,24.3,9,15,60.0,67,18,23,18,19,5,110,5.7,1.5,1.2,0.3,7.3,8.8
Aidan Wilson,14,11,0,38,154,24.7,15,71,21.1,4,10,40.0,41,20,17,10,20,0,102,4.4,1.2,0.7,0.0,7.3,3.4
Karl Ramirez,14,14,0,43,167,25.7,12,69,17.4,4,12,33.3,68,15,11,25,18,5,102,5.9,0.8,1.8,0.4,7.3,5.4
Bavneet Singh,17,28,0,55,151,36.4,8,34,23.5,6,21,28.6,77,63,31,34,21,2,124,8.2,1.8,2.0,0.1,7.3,11.7
Joshua Neustaedter Barg,11,20,0,36,87,41.4,0,1,0.0,7,17,41.2,28,25,4,3,13,1,79,4.8,0.4,0.3,0.1,7.2,6.0
Hassan Kamara,13,27,0,37,122,30.3,7,32,21.9,12,21,57.1,68,21,15,15,23,6,94,6.8,1.2,1.2,0.5,7.2,7.8
Sam Oguntola,17,18,0,54,112,48.2,5,24,20.8,11,23,47.8,77,48,31,12,18,17,122,7.4,1.8,0.7,1.0,7.2,12.9
Tianshi Zhang,18,28,0,55,139,39.6,5,32,15.6,15,28,53.6,62,45,17,11,33,10,130,5.9,0.9,0.6,0.6,7.2,8.1
Josh McKay,5,8,0,17,39,43.6,2,12,16.7,0,3,0.0,16,8,11,5,7,1,36,4.8,2.2,1.0,0.2,7.2,9.0
Eric Matthews,5,3,0,14,48,29.2,5,22,22.7,3,4,75.0,14,5,3,2,11,0,36,3.8,0.6,0.4,0.0,7.2,2.8
Markos Bockru,11,33,1,32,87,36.8,14,61,23.0,1,7,14.3,44,14,14,14,6,1,79,5.3,1.3,1.3,0.1,7.2,9.0
Carter Gilmore,31,45,0,86,300,28.7,38,190,20.0,9,17,52.9,224,60,58,27,72,20,219,9.2,1.9,0.9,0.6,7.1,10.1
Agzequel Abatay,19,13,0,60,136,44.1,0,5,0.0,14,26,53.8,34,24,15,12,30,1,134,3.1,0.8,0.6,0.1,7.1,5.4
Adam Boychuk,19,35,0,47,197,23.9,35,148,23.6,6,6,100.0,49,3,15,15,29,2,134,2.7,0.8,0.8,0.1,7.1,2.1
Dhemir Punay,18,25,1,47,179,26.3,27,117,23.1,7,17,41.2,43,17,27,22,40,3,128,3.3,1.5,1.2,0.2,7.1,3.2
Lyes Aknouche,14,25,0,40,125,32.0,11,43,25.6,8,24,33.3,30,9,22,13,54,3,99,2.8,1.6,0.9,0.2,7.1,1.5
Michael Anyaba,1,4,0,3,11,27.3,0,2,0.0,1,5,20.0,7,9,2,2,2,4,7,16.0,2.0,2.0,4.0,7.0,17.0
Richard Reimer,5,6,0,15,36,41.7,0,4,0.0,5,8,62.5,21,12,8,0,3,7,35,6.6,1.6,0.0,1.4,7.0,11.2
Shenglin Dai,22,35,0,64,200,32.0,7,74,9.5,18,53,34.0,100,41,13,20,28,9,153,6.4,0.6,0.9,0.4,7.0,6.2
Kegan Hopper,17,8,1,49,132,37.1,11,50,22.0,9,14,64.3,99,32,69,18,34,18,119,7.7,4.1,1.1,1.1,7.0,13.7
Joseph Spence,1,0,0,3,19,15.8,1,15,6.7,0,0,0.0,6,1,3,1,6,1,7,7.0,3.0,1.0,1.0,7.0,-3.0
Juan Villada,4,5,0,12,21,57.1,1,6,16.7,3,5,60.0,16,4,10,4,5,0,28,5.0,2.5,1.0,0.0,7.0,11.5
Eli Koulack,15,23,0,45,101,44.6,5,12,41.7,9,14,64.3,27,27,18,11,21,1,104,3.6,1.2,0.7,0.1,6.9,7.1
Maric Param,29,60,0,93,226,41.2,2,9,22.2,11,31,35.5,154,75,34,38,12,1,199,7.9,1.2,1.3,0.0,6.9,11.6
Markus Ballantyne,7,16,0,22,76,28.9,1,16,6.3,3,11,27.3,40,17,10,8,21,1,48,8.1,1.4,1.1,0.1,6.9,5.9
Casey Saunders,17,22,0,47,131,35.9,24,77,31.2,0,10,0.0,53,29,15,11,24,1,118,4.8,0.9,0.6,0.1,6.9,6.4
Ramon Burke,11,15,0,34,94,36.2,2,25,8.0,6,8,75.0,34,13,23,9,13,3,76,4.3,2.1,0.8,0.3,6.9,7.5
Jackson Grier,20,17,0,63,181,34.8,2,17,11.8,9,17,52.9,42,29,29,7,35,0,137,3.6,1.5,0.4,0.0,6.9,4.2
Drew Dobinsky,13,21,0,38,91,41.8,10,43,23.3,9,17,52.9,52,14,10,9,2,8,90,5.1,0.8,0.7,0.6,6.9,9.2
Sukhdeep Saran,11,18,0,31,80,38.8,9,30,30.0,4,8,50.0,53,23,22,17,9,7,75,6.9,2.0,1.5,0.6,6.8,12.3
Darius Cepulis,16,27,1,50,113,44.2,0,1,0.0,9,18,50.0,52,35,14,7,18,6,109,5.4,0.9,0.4,0.4,6.8,8.3
Jashandeep Sidhu,15,21,0,40,135,29.6,15,54,27.8,8,14,57.1,61,18,6,11,24,6,102,5.3,0.4,0.7,0.4,6.8,5.3
Matt Castellano,16,15,0,48,129,37.2,2,28,7.1,12,22,54.5,106,19,21,22,31,4,108,7.8,1.3,1.4,0.3,6.8,9.9
Benton Athanaze,13,6,0,37,75,49.3,7,17,41.2,8,16,50.0,45,19,13,8,13,6,89,4.9,1.0,0.6,0.5,6.8,9.3
Brandon Murdock,10,10,0,31,81,38.3,3,28,10.7,3,6,50.0,32,11,9,13,8,2,68,4.3,0.9,1.3,0.2,6.8,7.4
Jimmy Martinez,15,24,0,38,93,40.9,8,17,47.1,17,30,56.7,62,26,55,13,27,2,101,5.9,3.7,0.9,0.1,6.7,10.9
John Menyer,15,22,0,39,134,29.1,11,57,19.3,11,22,50.0,37,18,22,10,18,0,100,3.7,1.5,0.7,0.0,6.7,4.2
Ryan Keil,12,9,0,29,122,23.8,17,81,21.0,5,7,71.4,39,17,21,8,31,0,80,4.7,1.8,0.7,0.0,6.7,3.3
Harvir Aulakh,10,28,1,24,79,30.4,10,33,30.3,9,14,64.3,38,1,10,4,6,1,67,3.9,1.0,0.4,0.1,6.7,5.5
Kyle Kanakis,11,15,0,27,74,36.5,11,39,28.2,9,13,69.2,24,9,8,4,15,0,74,3.0,0.7,0.4,0.0,6.7,4.8
Rory Doak,15,7,0,36,110,32.7,7,31,22.6,21,31,67.7,60,10,23,9,26,1,100,4.7,1.5,0.6,0.1,6.7,6.2
Tyler Pruden,11,14,0,29,73,39.7,12,36,33.3,3,11,27.3,34,17,10,9,17,0,73,4.6,0.9,0.8,0.0,6.6,6.7
Riley Sova,12,12,0,32,81,39.5,2,13,15.4,13,18,72.2,26,21,12,10,13,2,79,3.9,1.0,0.8,0.2,6.6,6.9
Gage O’Reilly-Trudel,9,9,1,26,72,36.1,3,12,25.0,4,7,57.1,39,13,11,5,14,2,59,5.8,1.2,0.6,0.2,6.6,7.3
Evan Deato,10,20,0,25,78,32.1,12,49,24.5,4,8,50.0,34,16,10,13,9,0,66,5.0,1.0,1.3,0.0,6.6,7.3
Brandon Labute,22,45,2,49,187,26.2,9,46,19.6,35,77,45.5,102,26,11,7,23,6,142,5.8,0.5,0.3,0.3,6.5,4.1
Oluwalonimi Ajayi,13,17,0,33,95,34.7,3,13,23.1,17,44,38.6,49,28,9,11,17,7,84,5.9,0.7,0.8,0.5,6.5,6.3
Jared Jeffery,20,42,0,61,177,34.5,1,6,16.7,7,20,35.0,98,77,6,6,22,13,130,8.8,0.3,0.3,0.7,6.5,9.0
Shaun Cross,16,29,3,42,108,38.9,8,45,17.8,12,44,27.3,111,39,55,28,36,10,104,9.4,3.4,1.8,0.6,6.5,13.3
Oluwadamilola Samuel,10,21,0,28,94,29.8,4,15,26.7,5,14,35.7,60,39,11,10,23,9,65,9.9,1.1,1.0,0.9,6.5,9.6
Joren Yabut,17,61,0,46,153,30.1,8,27,29.6,10,29,34.5,100,43,14,12,17,12,110,8.4,0.8,0.7,0.7,6.5,8.7
Colten Anderson,17,20,0,44,150,29.3,10,66,15.2,12,31,38.7,77,17,21,22,35,8,110,5.5,1.2,1.3,0.5,6.5,5.6
Gordan Njezic,13,22,0,33,110,30.0,18,83,21.7,0,0,0.0,35,5,14,16,18,2,84,3.1,1.1,1.2,0.2,6.5,4.7
Aaron Layacan,38,41,0,92,292,31.5,50,187,26.7,13,33,39.4,75,19,43,38,43,1,247,2.5,1.1,1.0,0.0,6.5,4.2
Ji Min Ryu,16,24,0,35,154,22.7,7,36,19.4,27,50,54.0,47,13,10,19,34,0,104,3.8,0.6,1.2,0.0,6.5,1.1
Jianbo Qiu,19,29,0,49,145,33.8,25,87,28.7,0,0,0.0,17,13,11,18,20,0,123,1.6,0.6,0.9,0.0,6.5,3.5
Mark Munyuza,17,35,0,47,142,33.1,1,2,50.0,17,33,51.5,56,47,13,8,22,12,110,6.1,0.8,0.5,0.7,6.5,6.6
Chris Custodio,18,18,1,45,132,34.1,21,73,28.8,2,5,40.0,60,28,15,13,14,4,117,4.9,0.8,0.7,0.2,6.5,7.4
Gorden Chow,20,14,0,54,183,29.5,11,69,15.9,8,17,47.1,22,13,13,25,25,0,127,1.8,0.7,1.3,0.0,6.4,1.9
Ryan Storey,9,20,0,21,84,25.0,14,50,28.0,2,7,28.6,38,7,18,8,17,2,58,5.0,2.0,0.9,0.2,6.4,5.1
Samuel Chin,10,9,0,25,113,22.1,3,17,17.6,11,18,61.1,14,14,7,16,24,1,64,2.8,0.7,1.6,0.1,6.4,-0.3
Noah Fast,17,44,0,43,145,29.7,6,39,15.4,18,33,54.5,64,23,12,5,17,1,108,5.1,0.7,0.3,0.1,6.4,4.6
Justin Kasak,10,30,0,24,69,34.8,10,35,28.6,6,9,66.7,32,4,12,7,29,0,64,3.6,1.2,0.7,0.0,6.4,4.2
Charles Goossen,6,4,0,11,44,25.0,6,23,26.1,10,12,83.3,35,9,11,6,10,2,38,7.3,1.8,1.0,0.3,6.3,9.3
Yuanzheng Gao,19,36,2,50,145,34.5,17,70,24.3,3,7,42.9,91,17,42,15,59,1,119,5.7,2.2,0.8,0.1,6.3,6.7
Jacob Boulette,19,12,0,50,189,26.5,8,51,15.7,12,34,35.3,57,21,24,20,31,0,120,4.1,1.3,1.1,0.0,6.3,2.6
